,Unnamed: 0,brand,name,attribute,product_url,search_name,price,capacity,keyword,keyword_scent,new_name,search_name_1,1st_similar_perfume,2nd_similar_perfume,3rd_similar_perfume,4th_similar_perfume,5th_similar_perfume
0,,로이비,로터스앤인센스오드퍼퓸,"로이비의 중성 향수 베스트셀러, 푸르스름한 안개비를 들이마신 연꽃의 향기",/product/로이비-로터스-앤-인센스-오-드-퍼퓸-50ml/2292/category/568/display/1/,로이비 로터스앤인센스오드퍼퓸,109000,50,"중성,푸른,안개,연꽃","푸른,안개,연꽃",로터스앤인센스,로이비 로터스앤인센스,스테파니브루진 파리생제르망,르라보 로즈,,,
1,,로이비,샤프론앤오렌지블로썸오드퍼퓸,"버건디빛 샤프란과 오렌지 블로썸이 써내려가는 가을무드, 달콤하게 무르익은 오리엔탈 플로럴",/product/로이비-샤프론-앤-오렌지-블로썸-오-드-퍼퓸-50ml/2296/category/568/display/1/,로이비 샤프론앤오렌지블로썸오드퍼퓸,109000,50,"버건디,샤프란,오렌지블라썸,가을,오리엔탈,플로럴","샤프란,오렌지블라썸,플로럴,가을",샤프론앤오렌지블로썸,로이비 샤프론앤오렌지블로썸,메종마르지엘라 플라워마켓,,,트루사르디 돈나,
10,,메모,오리엔탈레더오드퍼퓸,"라벤더 빛 물안개, 흔들리는 바람에 피어난 장미 뒤로 밤하늘을 가득 수놓는 파츌리의 수수한 내음",/product/메모-오리엔탈-레더-오-드-퍼퓸-75ml/2449/category/568/display/1/,메모 오리엔탈레더오드퍼퓸,350000,75,"라벤더,안개,바람,로즈,밤하늘,파츌리","라벤더,안개,바람,로즈,파츌리",오리엔탈레더,메모 오리엔탈레더,프라고나르 로즈드메이,딥디크 오로즈,딥디크 오카피탈,조말론 로즈앤매그놀리아코롱,프레데릭말 포트레이트오브어레이디
14,,불리,오트리플페루헬리오트로프,"바이올렛이 가득한 공중정원 속, 부드럽게 퍼지는 헬리오트로프 향기",/product/불리-오-트리플-페루-헬리오트로프-75ml/2020/category/568/display/1/,불리 오트리플페루헬리오트로프,230000,75,"바이올렛,정원,헬리오트로프","정원,헬리오트로프",오트리플페루헬리오트로프,불리 오트리플페루헬리오트로프,구찌알케미스트가든 더버진바이올렛,,,,
18,,랄프로렌,로맨스오드퍼퓸,같은 행동도 뭔가 더 아름답고 예쁘게 만드는 선명한 로맨틱함,/product/랄프로렌-로맨스-오-드-퍼퓸-3050100ml/1903/category/568/display/1/,랄프로렌 로맨스오드퍼퓸,70000,30,로맨틱,,로맨스,랄프로렌 로맨스,입생로랑 몽파리오드빠르펭,,,,
21,,조말론,잉글리쉬페어앤프리지아바디앤핸드로션,조말론 베스트셀러 '잉글리쉬 페어 앤 프리지아' 를 원하는 곳에 바를 수 있는 바디 & 핸드 로션,/product/조말론-잉글리쉬-페어-앤-프리지아-바디-앤-핸드-로션-250ml/2442/category/568/display/1/,조말론 잉글리쉬페어앤프리지아바디앤핸드로션,82000,250,"잉글리쉬,페어,프리지아","잉글리쉬,페어,프리지아",잉글리쉬페어앤프리지아바디앤핸드로션,조말론 잉글리쉬페어앤프리지아바디앤핸드로션,런던프로소디 페이퍼플라워팬오드코롱,,조말론 잉글리쉬페어앤프리지아코롱,딥디크 오프레지아,프라고나르 꾀르드솔레이
22,,프라다,라팜므오드퍼퓸,"출퇴근용으로 좋은, 아이보리 비누 향기가 연출하는 폭닥한 섹시함",/product/프라다-라팜므-오-드-퍼퓸-3550100ml/1352/category/568/display/1/,프라다 라팜므오드퍼퓸,171600,35,"출퇴근,아이보리,비누,폭닥","아이보리,비누,폭닥",라팜므,프라다 라팜므,트루사르디 르비드밀라노포르타누오바,아쿠아디파르마 미르토디파나레아,메종마르지엘라 레이지선데이모닝,산타마리아노벨라 프리지아오드코롱,프라다 레스인퓨전디미모사
23,,프라다,레스인퓨전디바닐라오드퍼퓸,"선선한 바람 불어오는 맑은 날, 바람타고 나리는 아카시아꽃 냄새와 은은하게 퍼지는 나무와 레더에서 맡아지는 묘한 친숙함",/product/프라다-레스-인퓨전-디-바닐라-오-드-퍼퓸/2663/category/568/display/1/,프라다 레스인퓨전디바닐라오드퍼퓸,242000,100,"선선,바람,맑은,바람,아카시아,나무,레더","선선,바람,아카시아,나무,레더",레스인퓨전디바닐라,프라다 레스인퓨전디바닐라,메종마르지엘라 세일링데이,,,,톰포드 코스타아주라
24,,프라다,레스인퓨전디일랑오드퍼퓸,늘어지는 아침을 깨우는 맑고 청아한 꽃 향기,/product/프라다-레스-인퓨전-디-일랑-오-드-퍼퓸/2655/category/568/display/1/,프라다 레스인퓨전디일랑오드퍼퓸,242000,100,"아침,맑은",아침,레스인퓨전디일랑,프라다 레스인퓨전디일랑,크리드 스프링플라워,프레데릭말 엉빠썽,불가리 뿌르옴므,메종마르지엘라 버블바스,
25,,프라다,루나로사오션오드뚜왈렛,"비즈니스맨의 정석, 시리고 푸른 대양을 품은 듯 참을 수 없는 시원한 향기",/product/프라다-루나로사-오션-오-드-뚜왈렛/2647/category/568/display/1/,프라다 루나로사오션오드뚜왈렛,110000,50,"비즈니스맨,시린,푸른,대양","시린,푸른",루나로사오션,프라다 루나로사오션,메모 윈터팰리스,,,,
26,,프라다,패러독스오드퍼퓸,"나도 모르는 새 은근히 젖어, 내 마음을 차지한 바닐라의 달콤함",/product/프라다-패러독스-오-드-퍼퓸/2604/category/568/display/1/,프라다 패러독스오드퍼퓸,171600,50,"바닐라,달콤","바닐라,달콤",패러독스,프라다 패러독스,티에리 뮈글러엔젤,,,아이젠버그 조즈옴므,퍼퓸드말리 헤로드
27,,프라다,라팜므로오드뚜왈렛,"환하게 웃는 얼굴 위 드리워진, 청초한 푸루메리아와 일랑일랑",/product/프라다-라팜므-로-오-드-뚜왈렛-3550100ml/1879/category/568/display/1/,프라다 라팜므로오드뚜왈렛,95000,35,푸루메리아,푸루메리아,라팜므로,프라다 라팜므로,퍼퓸드말리 까실리,,,,
29,,프라다,레스인퓨전디로즈오드퍼퓸,"다우니의 장미 섬유 유연제 같은, 정말 은은한 로즈",/product/프라다-레스-인퓨전-디-로즈-오-드-퍼퓸-100200ml/1494/category/568/display/1/,프라다 레스인퓨전디로즈오드퍼퓸,242000,100,"로즈,섬유유연제","로즈,섬유유연제",레스인퓨전디로즈,프라다 레스인퓨전디로즈,프라고나르 로즈드메이,딥디크 오로즈,끌로에 로즈드끌로에,,
32,,프라다,레스인퓨전디아이리스세더오드퍼퓸,도브비누 10개를 응축시켜 흩뿌린 듯한 편안하고 고급스러운 프라다 남자향수,/product/프라다-레스-인퓨전-디-아이리스-세더-오-드-퍼퓸-100ml/1325/category/568/display/1/,프라다 레스인퓨전디아이리스세더오드퍼퓸,242000,100,"도브,비누,고급,남성","비누,고급",레스인퓨전디아이리스세더,프라다 레스인퓨전디아이리스세더,아쿠아디파르마 미르토디파나레아,,메종마르지엘라 레이지선데이모닝,랄프로렌 폴로블루맨,아이젠버그 러브어페어옴므
34,,아이젠버그,텐테이션오드퍼퓸,"쌀쌀한 날씨에 더욱 손이 가는, 달콤한 통카빈과 핑크페퍼의 균형 잡힌 포근함",/product/아이젠버그-텐테이션-오-드-퍼퓸/2387/category/568/display/1/,아이젠버그 텐테이션오드퍼퓸,170000,50,"통카빈,핑크,페퍼,편안함","통카빈,핑크,페퍼",텐테이션,아이젠버그 텐테이션,프라고나르 패츌리,프레드릭엠 오베드상,톰포드 로스트체리,입생로랑 리브르인텐스,
36,,아이젠버그,디아볼리끄우먼,날카롭지만 깊고 스모키한 눈빛을 닮은 그을린 베티버와 샌달우드 향기,/product/아이젠버그-디아볼리끄-우먼-3050100ml/1495/category/568/display/1/,아이젠버그 디아볼리끄우먼,84700,30,"스모키,눈빛,베티버,우드","스모키,베티버,우드",디아볼리끄우먼,아이젠버그 디아볼리끄우먼,키에린뉴욕 샹탈스카이스프레이,존바바토스 아티산퓨어,바이레도 어코드우드,,
37,,아이젠버그,백투파리오드퍼퓸,"라라랜드 속 베리의 달콤함이 파츌리, 머스크와 만나 보랏빛 석양을 지게 하는 몽환적인 향기",/product/아이젠버그-백-투-파리-오-드-퍼퓸-3050100ml/2232/category/568/display/1/,아이젠버그 백투파리오드퍼퓸,84700,30,"라라랜드,베리,파츌리,머스크,보라색,석양,몽환","베리,파츌리,머스크",백투파리,아이젠버그 백투파리,프레데릭말 로디베,,,조말론 다크앰버앤진저릴리코롱인텐스,나르시소로드리게즈 포허
43,,반클리프엔아펠,오우드블랑오드퍼퓸,"조용히 타들어가는 오우드 인센스의 나른함, 커피 향과 함께 번지는 바닐라와 화이트 머스크의 폭닥거림",/product/반클리프-앤-아펠-오우드-블랑-오-드-퍼퓸/2576/category/568/display/1/,반클리프엔아펠 오우드블랑오드퍼퓸,195000,75,"우드,인센스,커피,바닐라,화이트,머스크,폭닥","우드,커피,바닐라,화이트머스크,폭닥",오우드블랑,반클리프엔아펠 오우드블랑,바이레도 집시워터,,톰포드 솔레이네쥬,세르주루텐 상탈마제스퀼,
50,,에르메스,오드시트론느와오드코롱,"에르메스식 남성의 관능미, 아슬아슬한 경게 사이를 넘나드는 시트러스 - 스모키의 정석",/product/에르메스-오-드-시트론-느와-오-드-코롱/2460/category/568/display/1/,에르메스 오드시트론느와오드코롱,132000,50,"남성,관능,시트러스,스모키","시트러스,스모키",오드시트론느와오드코롱,에르메스 오드시트론느와오드코롱,불가리 맨인블랙,크리드 어벤투스포허,,,
54,,트루사르디,르비드밀라노워킹온비아피오리오스쿠리오드퍼퓸,따스한 봄 햇살처럼 고소달달한 미모사가 바람에 흘러와 살포시 내려앉는 나른한 향기,/product/트루사르디-르비드-밀라노-워킹-온-비아-피오리-오스쿠리-오-드-퍼퓸/2670/category/568/display/1/,트루사르디 르비드밀라노워킹온비아피오리오스쿠리오드퍼퓸,280000,100,"봄,햇살,달콤,미모사,바람","봄,햇살,달콤,미모사,바람",르비드밀라노워킹온비아피오리오스쿠리,트루사르디 르비드밀라노워킹온비아피오리오스쿠리,아이젠버그 조즈옴므,,,,프라다 레스인퓨전디미모사
55,,트루사르디,르비드밀라노디이탈리안아티스트오브비아솔페리노오드퍼퓸,"포근한 노을이 나른히 흔들리는 봄밤, 감미롭게 퍼지던 피오니와 곱게 핀 오스만투스의 몽환적인 꽃 향기",/product/트루사르디-르비드-밀라노-디-이탈리안-아티스트-오브-비아-솔페리노-오-드-퍼퓸/2671/category/568/display/1/,트루사르디 르비드밀라노디이탈리안아티스트오브비아솔페리노오드퍼퓸,280000,100,"노을,봄밤,피오니,오스만투스,몽환","노을,봄밤,피오니,오스만투스",르비드밀라노디이탈리안아티스트오브비아솔페리노,트루사르디 르비드밀라노디이탈리안아티스트오브비아솔페리노,조말론 다크앰버앤진저릴리코롱인텐스,,,,
56,,에르메스,트윌리데르메스오진저오드퍼퓸,"긴 쉬폰 원피스와 사근사근한 말투를 닮은 플로럴, 모든 행동과 말투에서 묻어나오는 우아함",/product/에르메스-트윌리-데르메스-오진저-오-드-퍼퓸/2461/category/568/display/1/,에르메스 트윌리데르메스오진저오드퍼퓸,146000,30,"쉬폰원피스,플로럴",플로럴,트윌리데르메스오진저,에르메스 트윌리데르메스오진저,에스티로더 모던뮤즈,메종마르지엘라 플라워마켓,,킬리안 우먼인골드,
58,,세르주루텐,파이브어클락오진저오드퍼퓸,"영국 신사와 갖는 티타임, 그의 매너를 닮은 산뜻 달콤한 우디- 진저 티 한잔",/product/세르주루텐-파이브-어-클락-오-진저-오-드-퍼퓸/2182/category/568/display/1/,세르주루텐 파이브어클락오진저오드퍼퓸,205000,50,"영국,신사,티타임,매너,산뜻,우드,진저","산뜻,우드,진저",파이브어클락오진저,세르주루텐 파이브어클락오진저,바이레도 집시워터,,톰포드 코스타아주라,,발렌티노 우모
66,,딥디크,로드네롤리오드뚜왈렛,밝은 햇살을 머금은 비터 오렌지가 싱그럽게 흔들리는 네롤리의 푸른 잎사귀에 스며드는 순간,/product/딥디크-로드네롤리-오-드-뚜왈렛-100ml/2422/category/568/display/1/,딥디크 로드네롤리오드뚜왈렛,233000,100,"햇살,비터오렌지,네롤리,푸른,잎사귀","햇살,비터오렌지,네롤리,푸른,잎사귀",로드네롤리,딥디크 로드네롤리,조말론 넥타린블로썸앤허니코롱,,,,
67,,불리,오트리쁠포레드코미,"겨울 끝무렵, 한기가 닿은 쌉싸래한 풀내음이 가득 담긴 숲의 향기",/product/불리-오-트리쁠-포레드-코미-75ml/2383/category/568/display/1/,불리 오트리쁠포레드코미,230000,75,"겨울,한기,풀내음","겨울,한기,풀내음",오트리쁠포레드코미,불리 오트리쁠포레드코미,몽클레르 뿌르옴므,,,,
77,,메모,문피버오드퍼퓸,"가만가만 흔들리는 네롤리의 산뜻함에 보랏빛 노을처럼 얹어지는 야생화, 베티버 향기",/product/메모-문-피버-오-드-퍼퓸-75ml/2440/category/568/display/1/,메모 문피버오드퍼퓸,350000,75,"네롤리,보라색,노을,야생화,베티버","네롤리,노을,야생화,베티버",문피버,메모 문피버,조말론 와일드블루벨코롱,,딥디크 베티베리오,,크리드 오리지널베티버
87,,불리,오트리플다마스크로즈,"장미 본연의 분위기, 온전한 아름다움으로 모두를 납득시키는 유려함",/product/불리-오-트리플-다마스크-로즈-75ml/2116/category/568/display/1/,불리 오트리플다마스크로즈,230000,75,"로즈,본연,온전,유려",로즈,오트리플다마스크로즈,불리 오트리플다마스크로즈,딥디크 오로즈,프라고나르 로즈드메이,,끌로에 로즈드끌로에,
90,,로이비,클로브앤바닐라오드퍼퓸,"오랜 카페에 솔솔 퍼지는, 우유 거품이 포근히 올라간 바닐라 차이 티 라떼 향기",/product/로이비-클로브-앤-바닐라-오-드-퍼퓸/2644/category/568/display/1/,로이비 클로브앤바닐라오드퍼퓸,109000,50,"카페,우유,거품,바닐라,라떼","우유,바닐라,라떼",클로브앤바닐라,로이비 클로브앤바닐라,프라다 캔디키스,바이레도 집시워터,나르시소로드리게즈 엉브레,,롤리타렘피카 옴므
91,,로이비,망고앤민트리브오드퍼퓸,"낙조가 지는 해안가를 가르는 청량한 바람, 스치는 민트와 스미는 망고의 프루티",/product/로이비-망고-앤-민트-리브-오-드-퍼퓸/2627/category/568/display/1/,로이비 망고앤민트리브오드퍼퓸,109000,50,"낙조,해안가,바람,민트,망고,프루티","바람,민트,망고,프루티",망고앤민트리브,로이비 망고앤민트리브,딥디크 로데헤스페리데스,로이비 만다린앤샌달우드,톰포드 코스타아주라,,메모 랄리벨라
92,,로이비,휘그앤시더우드오드퍼퓸,"진중한 숲의 향기를 머금은 무화과, 그 하얀 달콤함이 경쾌하게 피어나는 포레스트",/product/로이비-휘그-앤-시더우드-오-드-퍼퓸-50ml/2295/category/568/display/1/,로이비 휘그앤시더우드오드퍼퓸,109000,50,"무화과,숲","무화과,숲",휘그앤시더우드,로이비 휘그앤시더우드,마크제이콥스 맨,,,메종마르지엘라 레플리카소울오브더포레스트,
95,,조말론,154코롱,"여유가 흐르는 런던의 베티버 나무, 만다린과 자몽의 산뜻함이 저절로 호감가게 만드는 남성의 정석",/product/조말론-154-코롱/2344/category/568/display/1/,조말론 154코롱,110000,30,"여유,런던,베티버,나무,만다린,자몽,호감,남성","베티버,나무,만다린,자몽",154코롱,조말론 154코롱,딥디크 베티베리오,아틀리에 코롱포멜로파라디,,톰포드 그레이베티버,
98,,불리,오트리쁠알카시르,"살짝 힘을 뺀 바닐라와 고소한 샌달우드, 느슨한 듯 여유로운 우디 내음",/product/불리-오-트리쁠-알-카시르-75ml/2381/category/568/display/1/,불리 오트리쁠알카시르,230000,75,"바닐라,우드,여유,우드","바닐라,우드",오트리쁠알카시르,불리 오트리쁠알카시르,바이레도 집시워터,,,로에베 우먼,
99,,끌로에,로즈탠저린오드뚜왈렛,"블랙커런트와 탠저린의 달콤한 경쾌함에, 하루종일 기분 좋아지는 싱그러운 플로럴",/product/끌로에-로즈-탠저린-오-드-뚜왈렛/2404/category/568/display/1/,끌로에 로즈탠저린오드뚜왈렛,115000,30,"블랙커런트,탠저린,종일,플로럴","블랙커런트,탠저린,플로럴",로즈탠저린,끌로에 로즈탠저린,에스티로더 모던뮤즈,,메종마르지엘라 플라워마켓,,킬리안 우먼인골드
101,,조말론,피오니앤블러쉬스웨이드코롱,사과처럼 빨간 작약이 스웨이드와 연출하는 부드러운 여성미,/product/조말론-피오니-앤-블러쉬-스웨이드-코롱/1420/category/568/display/1/,조말론 피오니앤블러쉬스웨이드코롱,115000,30,"사과,작약,스웨이드,여성미","사과,작약,스웨이드",피오니앤블러쉬스웨이드코롱,조말론 피오니앤블러쉬스웨이드코롱,데렉램10크로스비 드렁크온유스,트루사르디 페미닌,프라다 캔디글로스,살바도르 달리달리라이트,
104,,트루사르디,르비드밀라노알바수이나빌리오드퍼퓸,오렌지빛 석양이 닿은 운하의 경쾌한 밤거리 속에서 즐기는 시원한 칵테일,/product/트루사르디-르비드-밀라노-알바-수이-나빌리-오-드-퍼퓸/2668/category/568/display/1/,트루사르디 르비드밀라노알바수이나빌리오드퍼퓸,280000,100,"오렌지,석양,운하,거리,칵테일","오렌지,칵테일",르비드밀라노알바수이나빌리,트루사르디 르비드밀라노알바수이나빌리,메종마르지엘라 레플리카플라잉,메종마르지엘라 재즈클럽,,에르메스 오드메르베이,메종마르지엘라 비치워크
106,,트루사르디,르비드밀라노포르타누오바오드퍼퓸,편안한 사랑을 하고싶은 아이보리 비누거품 향기,/product/트루사르디-르비드-밀라노-포르타-누오바-오-드-퍼퓸-100ml/1821/category/568/display/1/,트루사르디 르비드밀라노포르타누오바오드퍼퓸,280000,100,"사랑,아이보리,비누,거품","아이보리,비누,거품",르비드밀라노포르타누오바,트루사르디 르비드밀라노포르타누오바,아쿠아디파르마 미르토디파나레아,메종마르지엘라 레이지선데이모닝,,프라고나르 상탈,
108,,빅터앤롤프,플라워밤듀오드퍼퓸,"티 안나게 예쁘다, 분위기 자체 끝판왕을 만들어버리는 청초함",/product/빅터앤롤프-플라워밤-듀-오-드-퍼퓸-3050100ml/1997/category/568/display/1/,빅터앤롤프 플라워밤듀오드퍼퓸,85000,30,청순,청순,플라워밤듀,빅터앤롤프 플라워밤듀,바이레도 라튤립,메모 인레,,,
109,,빅터앤롤프,플라워밤오드퍼퓸,롤케익 처럼 부드럽고 달콤한 블랙베리의 발랄한 섹시미,/product/빅터앤롤프-플라워밤-오-드-퍼퓸-3050100ml/1475/category/568/display/1/,빅터앤롤프 플라워밤오드퍼퓸,85000,30,"케이크,블랙베리,섹시","케이크,블랙베리",플라워밤,빅터앤롤프 플라워밤,조말론 블랙베리앤베이코롱,프레데릭말 뮤스크라바줴,장폴고티에 르말,아이젠버그 르페쉬에옴므,
110,,런던프로소디,페이퍼플라워팬오드코롱,"프로소디의 베스트셀러, 프리지아 꽃 한 송이가 주는 잔잔한 싱그러움",/product/프로소디-런던-페이퍼-플라워-팬-오-드-코롱-30ml/2224/category/568/display/1/,런던프로소디 페이퍼플라워팬오드코롱,65000,10,"프리지아,송이",프리지아,페이퍼플라워팬오드코롱,런던프로소디 페이퍼플라워팬오드코롱,딥디크 오프레지아,,조말론 잉글리쉬페어앤프리지아코롱,,
111,,딥디크,로파피에오드뚜왈렛,"순백의 종이 위로 소담히 그려낸 미모사, 고스란히 전해지는 폭닥한 기억의 향",/product/딥디크-로-파피에-오-드-뚜왈렛/2637/category/568/display/1/,딥디크 로파피에오드뚜왈렛,165000,50,"순백,종이,미모사,폭닥","순백,미모사,폭닥",로파피에,딥디크 로파피에,프라다 레스인퓨전디미모사,,롤리타렘피카 우먼,,
112,,불리,오트리플멕시크튜베로즈,단언컨대 가장 유려하게 흐르는 튜베로즈가 여인의 부드러운 등을 연상시키는 향기,/product/불리-오-트리플-멕시크-튜베로즈-75ml/2012/category/568/display/1/,불리 오트리플멕시크튜베로즈,230000,75,"유려,튜베로즈,여인,부드러움","튜베로즈,부드러움",오트리플멕시크튜베로즈,불리 오트리플멕시크튜베로즈,시슬리 오뒤스와르,,프레데릭말 카날플라워,랄프로렌 폴로,몽블랑 레전드나이트
113,,르페르소나,LP피콕페더오드퍼퓸,"바닷가 선베드에 누워 만끽하는 여름휴가, 타오르는 햇빛 사이로 산뜻하게 퍼지는 라임과 코코넛",/product/르페르소나-lp02-피콕-페더-오-드-퍼퓸-10ml/2584/category/568/display/1/,르페르소나 LP피콕페더오드퍼퓸,39000,10,"바다,여름,휴가,햇빛,라임,코코넛","바다,여름,햇빛,라임,코코넛",LP피콕페더,르페르소나 LP피콕페더,메모 랄리벨라,메종마르지엘라 비치워크,크리드 밀레지움임페리얼,장폴고티에 르보,
114,,프라고나르,일다무르퍼퓸,"바다의 솔티함이 배인 화이트 플로럴의 청초함이, 거칠던 파도도 잠재우는 나긋한 향기",/product/프라고나르-일다무르-퍼퓸-3060ml/2251/category/568/display/1/,프라고나르 일다무르퍼퓸,169000,30,"바다,솔티함,화이트플로럴,거친,파도","바다,솔티함,화이트플로럴,거친",일다무르퍼퓸,프라고나르 일다무르퍼퓸,르페르소나 LP우든페이스,,,크리드 밀레지움임페리얼,메종마르지엘라 세일링데이
118,,나소마토,바라온다엑스트레퍼퓸,"달콤한 스카치 캔디를 문 채 한 모금 삼키는 위스키와 재즈의 선율의 어울린, 완벽한 무드",/product/나소마토-바라온다-엑스트레-퍼퓸-30ml/2241/category/568/display/1/,나소마토 바라온다엑스트레퍼퓸,270000,30,"스카치,캔디,위스키,재즈,선율","스카치,캔디,위스키",바라온다엑스트레퍼퓸,나소마토 바라온다엑스트레퍼퓸,바이레도 우드이모텔,돌체앤가바나 더원포맨,,퍼퓸드말리 레이튼,
119,,르페르소나,LP미스틱로즈오드퍼퓸,"사랑하는 이의 달콤한 말을 닮은 피오니와 장미, 손이 스치는 순간의 페퍼, 서로의 눈속에 마주한 부드러운 우디",/product/르페르소나-lp01-미스틱-로즈-오-드-퍼퓸-10ml/2585/category/568/display/1/,르페르소나 LP미스틱로즈오드퍼퓸,39000,10,"사랑,피오니,로즈,페퍼,눈속,우드","피오니,로즈,페퍼,눈속,우드",LP미스틱로즈,르페르소나 LP미스틱로즈,르라보 로즈,,프레데릭말 포트레이트오브어레이디,프라고나르 로즈드메이,딥디크 오로즈
120,,르페르소나,LP우든페이스오드퍼퓸,"거칠고 각진 나무토막의 표면을 매끄럽고 둥글게 조각하듯, 마음까지 감싸 안아주는 산뜻하고 편안한 나무냄새",/product/르페르소나-lp03-우든-페이스-오-드-퍼퓸-10ml/2583/category/568/display/1/,르페르소나 LP우든페이스오드퍼퓸,39000,10,"거친,나무","거친,나무",LP우든페이스,르페르소나 LP우든페이스,런던프로소디 우드옥타브,본드 넘버나인차이나타운,,,
121,,르페르소나,LP골든젬오드퍼퓸,"잊을 수 없는 무도회의 한 장면, 달콤한 바닐라와 무화과가 깊은 인상을 남기고 유유히 사라지는 순간의 향기",/product/르페르소나-lp04-골든-젬-오-드-퍼퓸-10ml/2582/category/568/display/1/,르페르소나 LP골든젬오드퍼퓸,39000,10,"무도회,바닐라,무화과,유유","바닐라,무화과,유유",LP골든젬,르페르소나 LP골든젬,프라다 캔디키스,롤리타렘피카 옴므,나르시소로드리게즈 엉브레,,
122,,더디퍼런트컴퍼니,화이트자고라오드뚜왈렛,"푸른 하늘에 가닿고 싶었던 복숭아꽃의 백일몽,  맑게 울리는 화이트 플로럴과 프루티의 몽상",/product/더-디퍼런트-컴퍼니-화이트-자고라-오-드-뚜왈렛/2641/category/568/display/1/,더디퍼런트컴퍼니 화이트자고라오드뚜왈렛,173000,100,"푸른,하늘,복숭아꽃,화이트플로럴,프루티,몽상","푸른,하늘,복숭아꽃,화이트플로럴,프루티",화이트자고라,더디퍼런트컴퍼니 화이트자고라,미우미우 로블루,킬리안 문라이트인헤븐,,미우미우 ,
123,,더디퍼런트컴퍼니,드바흐마코프오드퍼퓸,"모과나무 아래로 소담히 쌓이는 새콤한 모과와  부드러운 플로럴, 초여름의 신록을 닮은 청량함",/product/더-디퍼런트-컴퍼니-드-바흐-마코프-오-드-퍼퓸/2640/category/568/display/1/,더디퍼런트컴퍼니 드바흐마코프오드퍼퓸,168000,50,"모과나무,모과,플로럴,초여름,신록","모과나무,모과,플로럴,초여름,신록",드바흐마코프,더디퍼런트컴퍼니 드바흐마코프,에스티로더 모던뮤즈,메종마르지엘라 플라워마켓,,킬리안 우먼인골드,
126,,더디퍼런트컴퍼니,수블림발키스오드퍼퓸,"싱그러운 커런트 정원의 가장 깊은 곳, 어둠이 내려앉은 비밀의 화원",/product/더-디퍼런트-컴퍼니-수블림-발키스-오-드-퍼퓸/1608/category/568/display/1/,더디퍼런트컴퍼니 수블림발키스오드퍼퓸,168000,50,"커런트,정원,어둠,비밀,화원","커런트,정원,어둠,화원",수블림발키스,더디퍼런트컴퍼니 수블림발키스,오디딸리 로사그레타,,,,
128,,케네스콜,빈티지블랙오드뚜왈렛,시크하고 섹시한 남성의 유혹,/product/케네스콜-빈티지-블랙-오-드-뚜왈렛-100ml/1353/category/568/display/1/,케네스콜 빈티지블랙오드뚜왈렛,90000,100,"시크,남성,유혹,섹시",,빈티지블랙,케네스콜 빈티지블랙,장폴고티에 르말,디올 소바쥬,디올 화렌화이트,아이젠버그 르페쉬에옴므,킬리안 블랙팬텀
130,,아쿠아디파르마,시프레소디토스카나,"이태리의 작은 숲, 신선한 사이프레스와 갈바넘이 연출하는 자연 치유적 향기",/product/아쿠아-디-파르마-시프레소-디-토스카나/2267/category/568/display/1/,아쿠아디파르마 시프레소디토스카나,155000,75,"이태리,사이프레스,갈바넘,자연,치유","사이프레스,갈바넘,자연,치유",시프레소디토스카나,아쿠아디파르마 시프레소디토스카나,누NOU 프리지아,,,,
131,,돌체 앤 가바나,앤쏠로지램프하트리스,"남자들이 꼭 물어본다는 전설의 향수, 넥타린의 부드러운 달콤함",/product/돌체-앤-가바나-앤쏠로지-3-램프하트리스/2594/category/568/display/1/,돌체 앤 가바나 앤쏠로지램프하트리스,70000,50,"남성,전설,넥타린","전설,넥타린",앤쏠로지램프하트리스,돌체 앤 가바나 앤쏠로지램프하트리스,입생로랑 라뉘드옴므,,퍼퓸드말리 퍼시벌,조르지오 아르마니아쿠아디지오뿌르옴므,
134,,반클리프엔아펠,네롤리아마라오드퍼퓸,"티 없는 가을 하늘의 청량한 달콤함이 나리는, 네롤리와 잔잔한 우디가 선사하는 산뜻함",/product/반클리프-앤-아펠-네롤리-아마라-오-드-퍼퓸/2491/category/568/display/1/,반클리프엔아펠 네롤리아마라오드퍼퓸,198000,75,"가을,하늘,네롤리,우드","가을,하늘,네롤리,우드",네롤리아마라,반클리프엔아펠 네롤리아마라,바이레도 집시워터,메종프란시스커정 아쿠아비떼,,르라보 로즈,
138,,에르메스,보야지데르메스EDT,"레몬과 홍차가 섞여 가을 낙엽이 떨어지는 듯, 우수에 젖은 분위기가 멋지게 연출된 가을 향기",/product/에르메스-보야지-데르메스-edt-100ml/1364/category/568/display/1/,에르메스 보야지데르메스EDT,178000,100,"레몬,홍차,가을,낙엽,우수,가을","레몬,홍차,가을,낙엽",보야지데르메스EDT,에르메스 보야지데르메스EDT,메종프란시스커정 아쿠아비떼,,,메종마르지엘라 언더더레몬트리,프라다 캔디슈가팝
139,,에르메스,트윌리데르메스오프와브레오드퍼퓸,"트윌리 라인 중 가장 가벼운 산뜻함을 가져, 부드러우면서도 분명히 각인되는 옅은 로즈와 비누 향기",/product/에르메스-트윌리-데르메스-오-프와브레-오-드-퍼퓸/2465/category/568/display/1/,에르메스 트윌리데르메스오프와브레오드퍼퓸,146000,30,"각인,로즈,비누","로즈,비누",트윌리데르메스오프와브레,에르메스 트윌리데르메스오프와브레,딥디크 오로즈,프라고나르 로즈드메이,메종마르지엘라 레이지선데이모닝,아쿠아디파르마 미르토디파나레아,
140,,에르메스,트윌리데르메스오드퍼퓸,풍부하고 달콤한 생강과 튜베로즈가 우디하게 연출되는 글래머스한 향기,/product/에르메스-트윌리-데르메스-오-드-퍼퓸/1646/category/568/display/1/,에르메스 트윌리데르메스오드퍼퓸,129000,30,"생강,튜베로즈,우드,글래머","생강,튜베로즈,우드",트윌리데르메스,에르메스 트윌리데르메스,메종마르지엘라 뮤티니,바이레도 집시워터,프레데릭말 카날플라워,르라보 로즈,
141,,구찌알케미스트가든,윈터스스프링오드퍼퓸,미모사와 아카시아 꽃을 가볍게 띄워놓은 미온수로 부드럽게 목욕한 후 살에 남은 잔향,/product/구찌-알케미스트-가든-윈터스-스프링-오-드-퍼퓸-100ml/2467/category/568/display/1/,구찌알케미스트가든 윈터스스프링오드퍼퓸,450000,100,"미모사,아카시아,미온수,목욕","미모사,아카시아,미온수",윈터스스프링,구찌알케미스트가든 윈터스스프링,프라다 레스인퓨전디미모사,롤리타렘피카 우먼,딥디크 올렌느,,
142,,구찌알케미스트가든,더버진바이올렛오드퍼퓸,바이올렛이 가득한 연금술사의 정원에서 느껴지는 포근함,/product/구찌-알케미스트-가든-더-버진-바이올렛-오-드-퍼퓸/2084/category/568/display/1/,구찌알케미스트가든 더버진바이올렛오드퍼퓸,440000,100,"바이올렛,연금술사,정원",정원,더버진바이올렛,구찌알케미스트가든 더버진바이올렛,불리 오트리플페루헬리오트로프,,,,
143,,디올,쟈도르(자도르)오드퍼퓸,"한없이 부드럽고, 고급스럽게 관능적인 디올의 대표 여자향수",/product/디올-쟈도르자도르-오-드-퍼퓸/1639/category/568/display/1/,디올 쟈도르(자도르)오드퍼퓸,119000,30,"고급,관능,여성",고급,쟈도르(자도르),디올 쟈도르(자도르),끌로에 압솔뤼퍼퓸,랑콤 미라클,,랄프로렌 폴로랄프우먼,
144,,디올,어딕트오프레쉬오드뚜왈렛,봄날의 첫사랑을 닮은 경쾌하고 여리여리한 시트러스 플로럴,/product/디올-어딕트-오-프레쉬-오-드-뚜왈렛/1798/category/568/display/1/,디올 어딕트오프레쉬오드뚜왈렛,140000,50,"봄날,첫사랑,시트러스,플로럴","봄날,시트러스,플로럴",어딕트오프레쉬,디올 어딕트오프레쉬,메종마르지엘라 플라워마켓,,,,킬리안 우먼인골드
145,,끌로에,러브스토리오드퍼퓸,"웹드라마의 대학 캠퍼스 한 장면처럼 상큼한 장미, 배 향기",/product/끌로에-러브스토리-오-드-퍼퓸/1856/category/568/display/1/,끌로에 러브스토리오드퍼퓸,130000,50,"드라마,대학,캠퍼스,상큼,로즈","상큼,로즈",러브스토리,끌로에 러브스토리,딥디크 오로즈,킬리안 로즈온아이스,프라고나르 로즈드메이,끌로에 로즈드끌로에,
148,,아쿠아디파르마,사쿠라(벚꽃)오드퍼퓸,"달지 않게 달콤한 벚꽃, 그 한 송이의 잔잔함을 닮은 데일리",/product/아쿠아-디-파르마-사쿠라벚꽃-오-드-퍼퓸/2072/category/568/display/1/,아쿠아디파르마 사쿠라(벚꽃)오드퍼퓸,297000,100,"벚꽃,송이,데일리",벚꽃,사쿠라(벚꽃),아쿠아디파르마 사쿠라(벚꽃),런던프로소디 페이퍼플라워팬오드코롱,아닉구딸 쁘띠쉐리,,구딸파리 쁘띠쉐리,
149,,아쿠아디파르마,피오니아노빌레오드퍼퓸,"첫사랑도 잊게 만들 정도로, 보면 볼수록 더 예뻐 보이는 피오니 향기",/product/아쿠아-디-파르마-피오니아-노빌레-오-드-퍼퓸/2260/category/568/display/1/,아쿠아디파르마 피오니아노빌레오드퍼퓸,205000,20,"첫사랑,피오니",피오니,피오니아노빌레,아쿠아디파르마 피오니아노빌레,미스디올 앱솔루틀리블루밍,,,,아쿠아디파르마 로사노빌레
152,,킬리안,스트레이트투헤븐화이트크리스탈오드퍼퓸,풍부한 부드러움과 깊이감 가득한 오우드 나무를 닮아 분위기를 압도하는 사내의 향기,/product/킬리안-스트레이트-투헤븐-화이트크리스탈-오-드-퍼퓸-50ml/2400/category/568/display/1/,킬리안 스트레이트투헤븐화이트크리스탈오드퍼퓸,328000,50,"부드러움,깊이,우드,나무,압도,사내","부드러움,우드,나무",스트레이트투헤븐화이트크리스탈,킬리안 스트레이트투헤븐화이트크리스탈,나소마토 블랙아프가노엑스트레퍼퓸,바이레도 집시워터,시슬리 오뒤스와르,,랄프로렌 폴로
160,,반클리프엔아펠,로즈루즈오드퍼퓸,"한겨울에 만발한 13월의 장미, 움츠렸던 몸집으로 겨우내 터뜨리는 달콤 쌉싸름한 은애",/product/반클리프-앤-아펠-로즈-루즈-오-드-퍼퓸/2570/category/568/display/1/,반클리프엔아펠 로즈루즈오드퍼퓸,195000,75,"한겨울,만발,로즈,달콤,은애","한겨울,로즈,달콤",로즈루즈,반클리프엔아펠 로즈루즈,프라고나르 로즈드메이,아이젠버그 조즈옴므,딥디크 오로즈,,
161,,반클리프엔아펠,가드니아페탈오드퍼퓸,"천진난만하게 만발한 가드니아, 투명하고 맑게 번지는 설원의 화이트 플로럴",/product/반클리프-앤-아펠-가드니아-페탈-오-드-퍼퓸/2577/category/568/display/1/,반클리프엔아펠 가드니아페탈오드퍼퓸,195000,75,"만발,가드니아,설원,화이트플로럴","만발,가드니아,설원,화이트플로럴",가드니아페탈,반클리프엔아펠 가드니아페탈,아닉구딸 엉마뗑도하쥬,,메모 일하도멜,,
163,,알타이아,튜베로즈인블루오드퍼퓸,섬세하게 흔들리며 내려오던 달빛을 타고 흐르는  튜베로즈가 품은 푸른 낭만,/product/알타이아-튜베로즈-인-블루-오-드-퍼퓸/2632/category/568/display/1/,알타이아 튜베로즈인블루오드퍼퓸,331000,100,"달빛,튜베로즈,푸른,낭만","달빛,튜베로즈,푸른",튜베로즈인블루,알타이아 튜베로즈인블루,세르주루텐 튜베로즈크리미넬,프레데릭말 카날플라워,,메모 그라나다,
164,,빅토리아시크릿,밤쉘바디미스트,"사랑스러운 향기 밤쉘, 이제 어디서든 은은하게 부담 없이 즐겨보세요",/product/빅토리아시크릿-밤쉘-바디미스트/2536/category/568/display/1/,빅토리아시크릿 밤쉘바디미스트,82000,75,"밤쉘,사랑",밤쉘,밤쉘바디미스트,빅토리아시크릿 밤쉘바디미스트,아닉구딸 쁘띠쉐리,,구딸파리 쁘띠쉐리,불가리 쁘띠마망,
165,,클린,클래식웜코튼오드퍼퓸,전방 100m 밖까지 닿는 새하안 비누 향기에 마음까지 산뜻해지는 깨끗한 향기,/product/클린-클래식-웜코튼-오-드-퍼퓸-3060ml/2245/category/568/display/1/,클린 클래식웜코튼오드퍼퓸,55000,30,"하얀,비누",비누,클래식웜코튼,클린 클래식웜코튼,아쿠아디파르마 미르토디파나레아,메종마르지엘라 레이지선데이모닝,프라다 레스인퓨전디미모사,산타마리아노벨라 프리지아오드코롱,프라다 루나로사
170,,데렉램10크로스비,레인데이오드퍼퓸,"비온 뒤, 솔잎이 덕지덕지 붙은 나무판자를 찌걱찌걱 밟을 때의 분위기",/product/데렉-램-10-크로스비-레인데이-오-드-퍼퓸-1050100ml/1859/category/568/display/1/,데렉램10크로스비 레인데이오드퍼퓸,37000,10,"비,솔잎,나무,판자","비,솔잎,나무",레인데이,데렉램10크로스비 레인데이,르페르소나 LP우든페이스,,본드 넘버나인차이나타운,딥디크 오드리에,
172,,알타이아,애니데이나우오드퍼퓸,"암암하고 고요한 방 안, 단숨에 퍼지는 가장 성숙한 관능의 흑장미",/product/알타이아-애니-데이-나우-오-드-퍼퓸/2589/category/568/display/1/,알타이아 애니데이나우오드퍼퓸,331000,100,"고요한,단숨,관능,흑로즈",흑로즈,애니데이나우,알타이아 애니데이나우,나소마토 블랙아프가노엑스트레퍼퓸,,프레드릭엠 오베드상,크리드 어벤투스포허,겔랑 몽겔랑
173,,알타이아,아타카마오드퍼퓸,"삭막한 사막 아타카마,  지평선 너머의 오아시스의 신성함으로부터 퍼지는 솔티 - 우드",/product/알타이아-아타카마-오-드-퍼퓸/2590/category/568/display/1/,알타이아 아타카마오드퍼퓸,331000,100,"사막,아타카마,지평선,오아시스,솔티,우드","오아시스,솔티,우드",아타카마,알타이아 아타카마,오리베 데저트랜드,바이레도 집시워터,,,톰포드 코스타아주라
174,,알타이아,바이애니아더네임오드퍼퓸,"장미와 작약이 흐드러진 비밀 정원,  만발하는 꽃봉오리처럼 톡 터뜨리는 리치의 과육",/product/알타이아-바이-애니-아더-네임-오-드-퍼퓸/2591/category/568/display/1/,알타이아 바이애니아더네임오드퍼퓸,331000,100,"로즈,작약,비밀,정원,만발,꽃봉오리,리치,과육","로즈,작약,정원,만발,꽃봉오리,리치,과육",바이애니아더네임,알타이아 바이애니아더네임,오디딸리 로사그레타,딥디크 오로즈,프라고나르 로즈드메이,,
175,,알타이아,유손오드퍼퓸,산색이 온통 풀빛으로 우거지던 그해 여름 여린 바람에 실려오는 풀내음과 설렘,/product/알타이아-유-손-오-드-퍼퓸/2586/category/568/display/1/,알타이아 유손오드퍼퓸,331000,100,"풀빛,여름,바람,풀내음,설레임","풀빛,여름,바람,풀내음",유손,알타이아 유손,톰포드 코스타아주라,메모 랄리벨라,,로이비 피오니앤화이트머스크,아이젠버그 조즈우먼
176,,펜할리곤스,앤디미온오드코롱,"청고한 달빛이 비추는 강가, 바람결을 타고 퍼지는 커피와 제라늄의 감미로움",/product/펜할리곤스-앤디미온-오-드-코롱/2575/category/568/display/1/,펜할리곤스 앤디미온오드코롱,129000,30,"청고,달빛,강가,바람결,커피,제라늄,감미로움","바람,커피,제라늄",앤디미온오드코롱,펜할리곤스 앤디미온오드코롱,프라다 루나로사,메종마르지엘라 커피브레이크,메모 그라나다,,
177,,불리,오트리쁠베르켄오렌지블라썸,"갓 따낸 오렌지 나무 잎사귀에 레몬즙을 뿌린듯, 무더운 여름날 단비 같이 싱그런 오렌지 꽃망울",/product/불리-오-트리쁠-베르켄-오렌지-블라썸-75ml/2426/category/568/display/1/,불리 오트리쁠베르켄오렌지블라썸,230000,75,"오렌지,나무,잎사귀,레몬,여름날,단비,오렌지,꽃망울","오렌지,나무,잎사귀,레몬,여름날,단비,오렌지,꽃망울",오트리쁠베르켄오렌지블라썸,불리 오트리쁠베르켄오렌지블라썸,오디딸리 아쿠아데시마,,,세르주루텐 플뢰르드시트로니에,
179,,조말론,인센스앤세드라코롱인텐스,"삭막한 초원에 단비가 그치고 난 뒤, 슴슴하게 올라오는 마른 풀들과 나무들의 아로마틱한 산뜻함",/product/조말론-인센스-앤-세드라-코롱-인텐스/2402/category/568/display/1/,조말론 인센스앤세드라코롱인텐스,218000,50,"초원,단비,슴슴하,나무,아로마","초원,단비,나무,아로마",인센스앤세드라코롱인텐스,조말론 인센스앤세드라코롱인텐스,산타마리아노벨라 포푸리오드코롱,,,,
180,,스테파니브루진,파리몽타뉴오드퍼퓸,"입가에 고인 보랏빛 와인이, 지그시 감겨진 눈꺼풀이 따라올 수 없게 만드는 독보적인 분위기",/product/스테파니-브루진-파리-몽타뉴-오-드-퍼퓸-100ml/2168/category/568/display/1/,스테파니브루진 파리몽타뉴오드퍼퓸,250000,100,"입가,고인,보라색,와인,지그시,눈꺼풀,독보",와인,파리몽타뉴,스테파니브루진 파리몽타뉴,퍼퓸드말리 멜리오라,,,톰포드 블랙오키드,트루사르디 페미닌
188,,랄프로렌,폴로레드오드뚜왈렛,"타고난 인싸력, 그 끼를 주체할 수 없는 익살스러운 남자의 향기",/product/랄프로렌-폴로-레드-오-드-뚜왈렛-4075125ml/2066/category/568/display/1/,랄프로렌 폴로레드오드뚜왈렛,60000,40,"인싸력,주체,남성",,폴로레드,랄프로렌 폴로레드,퍼퓸드말리 갤러웨이,조르지오 아르마니아쿠아디지오뿌르옴므,딥디크 베티베리오,크리드 어벤투스,입생로랑 라뉘드옴므
190,,나소마토,블랙아프가노엑스트레퍼퓸,"안개낀 고요한 숲속, 마른나무의 깊이감보다 짙은 관능의 머스크 내음",/product/나소마토-블랙-아프가노-엑스트레-퍼퓸-30ml/2235/category/568/display/1/,나소마토 블랙아프가노엑스트레퍼퓸,270000,30,"안개,고요한,나무,깊이,관능,머스크","안개,나무,머스크",블랙아프가노엑스트레퍼퓸,나소마토 블랙아프가노엑스트레퍼퓸,알타이아 애니데이나우,,,프레데릭말 뮤스크라바줴,
191,,나소마토,블라마주엑스트레퍼퓸,"결이 질긴 가죽을 자작나무에 엮어 불을 붙였을 때, 올라오는 짙은 연기가 거칠게 퍼지는 향기",/product/나소마토-블라마주-엑스트레-퍼퓸-30ml/2239/category/568/display/1/,나소마토 블라마주엑스트레퍼퓸,270000,30,"레더,자작나무,불,연기,거친","레더,자작나무,불,연기,거친",블라마주엑스트레퍼퓸,나소마토 블라마주엑스트레퍼퓸,메모 아프리칸레더,,,메모 윈터팰리스,
193,,빅토리아,시크릿저스트어키스오드퍼퓸,"볼 위 가벼운 입맞춤을 부를 정도로, 피오니와 과일을 아낌없이 부어 완성한 사랑스러움",/product/빅토리아-시크릿-저스트-어-키스-오-드-퍼퓸-50ml/2389/category/568/display/1/,빅토리아 시크릿저스트어키스오드퍼퓸,95000,50,"입맞춤,피오니,과일,사랑","피오니,과일",시크릿저스트어키스,빅토리아 시크릿저스트어키스,르페르소나 LP미스틱로즈,구딸파리 쁘띠쉐리,,아닉구딸 쁘띠쉐리,
194,,돌체앤가바나,돌체샤인,말린 건망고에 연유를 살짝 뭍혀 재스민꽃과 먹는 것 같은 따뜻한 달콤함,/product/돌체앤가바나-돌체-샤인-305075ml/1814/category/568/display/1/,돌체앤가바나 돌체샤인,81000,30,"망고,연유,자스민","망고,연유,자스민",돌체샤인,돌체앤가바나 돌체샤인,빅터앤롤프 봉봉,랑세 유제니,,,
195,,구찌알케미스트가든,티어스오브아이리스오드퍼퓸,속살이 비치는 듯한 순백색의 실크 드레스를 닮아 부드럽고 우아한 아이리스와 살결의 향기,/product/구찌-알케미스트-가든-티어스-오브-아이리스-오-드-퍼퓸/2626/category/568/display/1/,구찌알케미스트가든 티어스오브아이리스오드퍼퓸,450000,100,"순백,실크,드레스,아이리스,살결","순백,아이리스",티어스오브아이리스,구찌알케미스트가든 티어스오브아이리스,프레데릭말 이리스뿌드르,나르시소로드리게즈 포허,,,
196,,구찌알케미스트가든,더아이즈오브더타이거오드퍼퓸,호텔 라운지를 물들이는 금빛 조명처럼 잔잔히 빛나는 황금색 앰버의 달콤한 향기,/product/구찌-알케미스트-가든-더-아이즈-오브-더-타이거-오-드-퍼퓸/2628/category/568/display/1/,구찌알케미스트가든 더아이즈오브더타이거오드퍼퓸,450000,100,"호텔,라운지,황금색,앰버","황금색,앰버",더아이즈오브더타이거,구찌알케미스트가든 더아이즈오브더타이거,디올 화렌화이트,아이젠버그 르페쉬에옴므,에르메스 오드메르베이,,
198,,빅터앤롤프,봉봉오드퍼퓸,"오늘따라 더 사랑스럽네, 망고와 재스민 아이스크림의 달콤한 조화",/product/빅터앤롤프-봉봉-오-드-퍼퓸-305090ml/1998/category/568/display/1/,빅터앤롤프 봉봉오드퍼퓸,85000,30,"망고,자스민,아이스크림","망고,자스민,아이스크림",봉봉,빅터앤롤프 봉봉,돌체앤가바나 돌체샤인,,,랑세 유제니,메모 그라나다
200,,에르메스,떼르데르메스오인텐스베티버오드퍼퓸,석양이 지는 광야가 연상되는 생명력 넘치는 레몬과 베티버 향기,/product/에르메스-떼르-데르메스-오-인텐스-베티버-오-드-퍼퓸/1802/category/568/display/1/,에르메스 떼르데르메스오인텐스베티버오드퍼퓸,123000,50,"석양,광야,생명력,레몬,베티버","레몬,베티버",떼르데르메스오인텐스베티버,에르메스 떼르데르메스오인텐스베티버,사랑해요 베스팅데이,딥디크 베티베리오,프레데릭말 베티버엑스트라오디네르,메종마르지엘라 비치워크,크리드 로얄워터
202,,발렌티노,보체비바오드퍼퓸,"화려한 인상과 당당한 목소리, 예술가적 재능과 열정을 모두 담은 플로럴-바닐라 향기",/product/발렌티노-보체-비바-오-드-퍼퓸/2623/category/568/display/1/,발렌티노 보체비바오드퍼퓸,128000,30,"예술가,재능,열정,플로럴,바닐라","플로럴,바닐라",보체비바,발렌티노 보체비바,킬리안 우먼인골드,,바이레도 집시워터,,메종마르지엘라 플라워마켓
204,,오디딸리,몬투더스크오드퍼퓸,감미롭게 흔들리던 세느강의 불빛을 따라 부드럽게 퍼지던 바닐라 향기,/product/오디딸리-몬-투-더스크-오-드-퍼퓸/2618/category/568/display/1/,오디딸리 몬투더스크오드퍼퓸,285000,100,"파리,세느강,불빛,바닐라",바닐라,몬투더스크,오디딸리 몬투더스크,프라다 캔디키스,,메모 프렌치레더,나르시소로드리게즈 엉브레,롤리타렘피카 옴므
205,,오디딸리,로사그레타오드퍼퓸,푸른 장미가 만발한 비밀 정원을 가득 메우는 달콤한 장미향,/product/오디딸리-로사-그레타-오-드-퍼퓸/2617/category/568/display/1/,오디딸리 로사그레타오드퍼퓸,285000,100,"푸른,로즈,만발,비밀,정원,로즈","푸른,로즈,만발,정원",로사그레타,오디딸리 로사그레타,알타이아 바이애니아더네임,프라고나르 로즈드메이,딥디크 오로즈,,구찌 블룸아쿠아디피오리
206,,오디딸리,그렌드주아오드퍼퓸,"마음 간질거리는 사랑의 향, 석류빛 달콤한 애정어린 스파클링 프루티 향기",/product/오디딸리-그렌-드-주아-오-드-퍼퓸/2616/category/568/display/1/,오디딸리 그렌드주아오드퍼퓸,285000,100,"사랑,석류,애정,스파클링,프루티","석류,스파클링,프루티",그렌드주아,오디딸리 그렌드주아,빅토리아시크릿 밤쉘바디미스트,구딸파리 쁘띠쉐리,,아닉구딸 쁘띠쉐리,
208,,오디딸리,오라크오드퍼퓸,"한여름날의 비밀정원, 여름날의 호숫가에 핀 연꽃의 눅진한 플로럴",/product/오디딸리-오-라크-오-드-퍼퓸/2614/category/568/display/1/,오디딸리 오라크오드퍼퓸,285000,100,"여름날,비밀,정원,호수,연꽃,플로럴","여름날,정원,호수,연꽃,플로럴",오라크,오디딸리 오라크,불리 오트리쁠루브르전갈좌의요정,,,,메종마르지엘라 플라워마켓
209,,프레데릭말,덩떼브라(덩떼브하)오드퍼퓸,사랑하는 사람의 품에 안겼을 때 넘실대는 매혹적인 꽃 향기와 관능적인 캐시미어,/product/프레데릭-말-덩-떼-브라-덩-떼-브하-오-드-퍼퓸/2613/category/568/display/1/,프레데릭말 덩떼브라(덩떼브하)오드퍼퓸,398000,100,"사랑,매혹,관능,캐시미어",,덩떼브라(덩떼브하),프레데릭말 덩떼브라(덩떼브하),구딸파리 쁘띠쉐리,아닉구딸 쁘띠쉐리,,,
210,,오디딸리,아쿠아데시마오드퍼퓸,"청청한 여름날, 나홀로 나무 아래를 가볍게 메우는 레몬의 푸릇함",/product/오디딸리-아쿠아-데시마-오-드-퍼퓸/2612/category/568/display/1/,오디딸리 아쿠아데시마오드퍼퓸,285000,100,"청청,여름날,나무,레몬,푸른","여름날,나무,레몬,푸른",아쿠아데시마,오디딸리 아쿠아데시마,불리 오트리쁠베르켄오렌지블라썸,,프라다 캔디슈가팝,,본드 넘버나인차이나타운
212,,오디딸리,재스민레더오드퍼퓸,꽃의 도시 피렌체가 품은 재스민과 샤프란의 달큰함을 가득 품은 가죽 향기,/product/오디딸리-재스민-레더-오-드-퍼퓸/2605/category/568/display/1/,오디딸리 재스민레더오드퍼퓸,285000,100,"도시,피렌체,자스민,샤프란,레더","도시,자스민,샤프란,레더",재스민레더,오디딸리 재스민레더,퍼퓸드말리 고돌핀,랑세 유제니,,,메모 그라나다
213,,키에린뉴욕,am플러트오드퍼퓸스프레이,"캐시미어 우드와 샌달우드가 전하는, 조화롭고 풍부한 뉴욕 도심 속 자연의 향취",/product/키에린-뉴욕-10am-플러트-오-드-퍼퓸-스프레이/2502/category/568/display/1/,키에린뉴욕 am플러트오드퍼퓸스프레이,180000,50,"캐시미어,우드,뉴욕,도심,자연","우드,도심,자연",am플러트스프레이,키에린뉴욕 am플러트스프레이,키에린뉴욕 샹탈스카이스프레이,,,바이레도 집시워터,르라보 로즈
214,,키에린뉴욕,로즈잉크오드퍼퓸스프레이,"시더우드와 샤프란 사이, 흩날리는 장미 꽃잎의 생경함",/product/키에린-뉴욕-로즈-잉크-오-드-퍼퓸-스프레이/2501/category/568/display/1/,키에린뉴욕 로즈잉크오드퍼퓸스프레이,98000,10,"시더우드,샤프란,로즈,꽃잎","시더우드,샤프란,로즈,꽃잎",로즈잉크스프레이,키에린뉴욕 로즈잉크스프레이,프라고나르 로즈드메이,딥디크 오로즈,이솝 로즈,,
215,,키에린뉴욕,니트로느와오드퍼퓸스프레이,"시프레와 구르몽이 초대하는, 향긋함이 감도는 뉴욕 도심의 풍경",/product/키에린-뉴욕-니트로-느와-오-드-퍼퓸-스프레이/2500/category/568/display/1/,키에린뉴욕 니트로느와오드퍼퓸스프레이,180000,50,"시프레,구르몽,뉴욕,도심,풍경","시프레,구르몽,도심,풍경",니트로느와스프레이,키에린뉴욕 니트로느와스프레이,키에린뉴욕 am플러트스프레이,,끌로에 노마드,,바이레도 선데이코롱
216,,키에린뉴욕,샹탈스카이오드퍼퓸스프레이,"샌달우드와 베티버가 선사하는, 자유로운 뉴요커의 하루 한 조각",/product/키에린-뉴욕-샹탈-스카이-오-드-퍼퓸-스프레이/2499/category/568/display/1/,키에린뉴욕 샹탈스카이오드퍼퓸스프레이,98000,10,"우드,베티버,뉴욕","우드,베티버",샹탈스카이스프레이,키에린뉴욕 샹탈스카이스프레이,아이젠버그 디아볼리끄우먼,,바이레도 선데이코롱,바이레도 집시워터,
217,,불가리,오파퓨메오떼블랑오드코롱,"고요한 새벽안개 길의 끝에서 이슬과 함께 느껴질 법한 화이트 티의 정수, 깨끗함의 정점",/product/불가리-오-파퓨메-오떼블랑-오드-코롱/2472/category/568/display/1/,불가리 오파퓨메오떼블랑오드코롱,139000,75,"고요한,새벽,안개,이슬,화이트,정수,정점","새벽,안개,이슬,화이트",오파퓨메오떼블랑오드코롱,불가리 오파퓨메오떼블랑오드코롱,누NOU 플로럴미스트,,,,
218,,에르메스,운자르뎅메디테라네오드뚜왈렛,"분수대 앞 공원 벤치에 걸터앉아 느껴보는, 햇살처럼 번지는 오렌지와 무화과 나무에서 퍼지는 달콤한 향기",/product/에르메스-운-자르뎅-메디테라네-오-드-뚜왈렛/2471/category/568/display/1/,에르메스 운자르뎅메디테라네오드뚜왈렛,175000,50,"분수,공원,벤치,햇살,오렌지,무화과,나무","햇살,오렌지,무화과,나무",운자르뎅메디테라네,에르메스 운자르뎅메디테라네,에르메스 오도랑쥬베르트오드코롱,,,,마크제이콥스 맨
219,,구찌알케미스트가든,문라이트세레나데센티드워터,"시원한 라벤더 바람과 함께 내 귓등을 타고 흐르는 청량함, 세이지와 라벤더의 여름날 향기",/product/구찌-알케미스트-가든-문라이트-세레나데-센티드-워터-150ml/2463/category/568/display/1/,구찌알케미스트가든 문라이트세레나데센티드워터,314000,150,"라벤더,바람,귓등,세이지,라벤더,여름날","라벤더,바람,세이지,여름날",문라이트세레나데센티드워터,구찌알케미스트가든 문라이트세레나데센티드워터,메모 오리엔탈레더,메모 랄리벨라,톰포드 코스타아주라,입생로랑 리브르,크리드 플뢰르드가드니아
220,,구찌알케미스트가든,어윈터멜로디사이프러스센티드워터,"서늘한 겨울 공기가 하얀 입김으로 되돌아가는 풍경, 그곳을 에워싸는 눈 덮인 초겨울의 숲 향기",/product/구찌-알케미스트-가든-어-윈터-멜로디-사이프러스-센티드-워터-150ml/2462/category/568/display/1/,구찌알케미스트가든 어윈터멜로디사이프러스센티드워터,314000,150,"겨울,공기,입김,풍경,초겨울,눈","겨울,풍경,초겨울",어윈터멜로디사이프러스센티드워터,구찌알케미스트가든 어윈터멜로디사이프러스센티드워터,불리 오트리쁠포레드코미,,,더디퍼런트컴퍼니 애프터미드나잇,
221,,에르메스,오도랑쥬베르트오드코롱,"나른함 가득한 늦은 오후, 커튼 사이로 들어오는 햇살을 타고 흐르는 오렌지와 레몬의 상큼함",/product/에르메스-오-도랑쥬-베르트-오-드-코롱/2459/category/568/display/1/,에르메스 오도랑쥬베르트오드코롱,162000,100,"오후,커튼,햇살,오렌지,레몬,상큼","햇살,오렌지,레몬,상큼",오도랑쥬베르트오드코롱,에르메스 오도랑쥬베르트오드코롱,프라다 캔디슈가팝,분더샵 에버얼웨이즈,,아쿠아디파르마 바닐라,
222,,몽클레르,뿌르옴므오드퍼퓸,"사이프러스의 시원한 상록수잎과 시더우드가 만나 퍼지는, 겨울 한기를 품은 자연의 향기",/product/몽클레르-뿌르-옴므-오-드-퍼퓸/2455/category/568/display/1/,몽클레르 뿌르옴므오드퍼퓸,120000,60,"사이프러스,상록수,시더우드,겨울,한기,자연","사이프러스,상록수,시더우드,겨울,한기,자연",뿌르옴므,몽클레르 뿌르옴므,불리 오트리쁠포레드코미,,,,
223,,몽클레르,뿌르팜므오드퍼퓸,"포근함이 느껴지는 함박눈 위로, 달콤한 바날리색 연유 라떼가 가볍게 녹아들며 남기는 자취",/product/몽클레르-뿌르-팜므-오-드-퍼퓸/2454/category/568/display/1/,몽클레르 뿌르팜므오드퍼퓸,120000,60,"함박눈,연유,라떼","함박눈,연유,라떼",뿌르팜므,몽클레르 뿌르팜므,입생로랑 르옴므,메종마르지엘라 마차메디테이션,,,
228,,에트로,라자스탄오드퍼퓸,"자유를 찾아 유랑하는 집시,보헤미안 스타일의 묵직한 앰버와 미모사 그리고 머스크의 폭닥한 향기",/product/에트로-라자스탄-오-드-퍼퓸-100ml/2430/category/568/display/1/,에트로 라자스탄오드퍼퓸,169000,100,"자유,유랑,집시,보헤미안,앰버,미모사,머스크,폭닥","앰버,미모사,머스크,폭닥",라자스탄,에트로 라자스탄,딥디크 로파피에,,,프라다 레스인퓨전디미모사,프레데릭말 뮤스크라바줴
231,,SWG컬렉션,팜스웨이드,처음부터 끝까지 포근한 스웨이드 질감을 유지하는 샌달우드와 레몬. 데일리로 쓰기 좋은 비누 내음,/product/swg컬렉션-팜스웨이드-50ml/2405/category/568/display/1/,SWG컬렉션 팜스웨이드,98000,50,"스웨이드,유지,우드,레몬,데일리,비누","스웨이드,우드,레몬,비누",팜스웨이드,SWG컬렉션 팜스웨이드,메종마르지엘라 레이지선데이모닝,로에베 맨,아쿠아디파르마 미르토디파나레아,프라고나르 상탈,에트로 우다이푸르
232,,SWG컬렉션,베티버느와,"뉴욕 센트럴의 자유와 방황을 닮은 페퍼와 토바코, 미니멀과 모던 사이를 아우르는 세련된 중성미",/product/swg컬렉션-베티버느와-50ml/2401/category/568/display/1/,SWG컬렉션 베티버느와,98000,50,"뉴욕,센트럴,자유,방황,페퍼,토바코,모던,중성","페퍼,토바코,모던",베티버느와,SWG컬렉션 베티버느와,에트로 비콜로피오리,르라보 로즈,,,불가리 뿌르옴므익스트림
233,,SWG컬렉션,파인보일,"일렁이는 바다 위로 드리워진 파란 소나무와 만다린의 산뜻함, 휴양지의 향기",/product/swg컬렉션-파인보일-50ml/2399/category/568/display/1/,SWG컬렉션 파인보일,98000,50,"바다,푸른,소나무,만다린,휴양지","바다,푸른,소나무,만다린",파인보일,SWG컬렉션 파인보일,SWG컬렉션 오드더티,,,,
234,,SWG컬렉션,오드더티,"푸릇한 소나무와 파츌리가 가볍고 또 시원하게, 여름에도 뿌리기 좋은 청량함",/product/swg컬렉션-오드더티-50ml/2398/category/568/display/1/,SWG컬렉션 오드더티,98000,50,"푸른,소나무,파츌리,여름","푸른,소나무,파츌리,여름",오드더티,SWG컬렉션 오드더티,SWG컬렉션 파인보일,,톰포드 비터피치,,
236,,SWG컬렉션,로제가즘,"에펠탑이 보이는 마르스 광장, 바람을 타고 날아오는 장미와 라즈베리의 낭만",/product/swg컬렉션-로제가즘-50ml/2395/category/568/display/1/,SWG컬렉션 로제가즘,98000,50,"파리,에펠탑,마르스광장,바람,로즈,라즈베리,낭만","바람,로즈,라즈베리",로제가즘,SWG컬렉션 로제가즘,런던프로소디 트레비로즈오드코롱,딥디크 오로즈,조말론 로즈앤매그놀리아코롱,프레데릭말 포트레이트오브어레이디,프라고나르 로즈드메이
239,,세르주루텐,튜베로즈크리미넬오드퍼퓸,"달빛처럼 유려하게 흐르는 곡선, 튜베로즈의 본질에 가장 가깝게 마주한 순연의 향기",/product/세르주루텐-튜베로즈-크리미넬-오-드-퍼퓸/2304/category/568/display/1/,세르주루텐 튜베로즈크리미넬오드퍼퓸,465000,100,"달빛,유려,곡선,튜베로즈,순연","달빛,튜베로즈",튜베로즈크리미넬,세르주루텐 튜베로즈크리미넬,알타이아 튜베로즈인블루,,,프레데릭말 카날플라워,크리드 플러리시모
240,,산타마리아노벨라,아쿠아디콜로니아로사오드코롱,"가지런한 눈꽃 위로 똑 부러지듯 아름다운 선율의 다마스커스 로즈, 차분한 고급스러움",/product/산타마리아-노벨라-아쿠아-디-콜로니아-로사-오-드-코롱-100ml/2280/category/568/display/1/,산타마리아노벨라 아쿠아디콜로니아로사오드코롱,180000,100,"눈꽃,선율,다마스커스,로즈","눈꽃,다마스커스,로즈",아쿠아디콜로니아로사오드코롱,산타마리아노벨라 아쿠아디콜로니아로사오드코롱,딥디크 오로즈,프라고나르 로즈드메이,,나소마토 실버머스크엑스트레퍼퓸,끌로에 로즈드끌로에
241,,프라고나르,디아망,"수수한 자스민과 관능의 바닐라 크림, 그 사이 간극을 채우는 달콤한 매력의 향기",/product/프라고나르-디아망-305060ml/2252/category/568/display/1/,프라고나르 디아망,100000,30,"자스민,관능,바닐라,달콤","자스민,바닐라,달콤",디아망,프라고나르 디아망,프라다 패러독스,메모 그라나다,,아이젠버그 조즈옴므,
243,,런던프로소디,무아레미모사오드코롱,"연둣빛 달콤함이 미모사에 닿아, 자연에서 느낄 수 있는 가장 편안한 상큼함을 피워내는 향기",/product/프로소디-런던-무아레-미모사-오-드-코롱-30ml/2229/category/568/display/1/,런던프로소디 무아레미모사오드코롱,83000,10,"연두빛,미모사,자연,상큼","연두빛,미모사,자연,상큼",무아레미모사오드코롱,런던프로소디 무아레미모사오드코롱,런던프로소디 리솜린든,,아틀리에 코롱클레망틴캘리포니아,프라다 레스인퓨전디미모사,트루사르디 돈나
244,,런던프로소디,피치카토블리스오드코롱,"넓은 초원을 맨발로 내달리는 용기, 풀의 시원한 쌉싸름함에 다시금 힘을 얻게 되는 순간",/product/프로소디-런던-피치카토-블리스-오-드-코롱-30ml/2227/category/568/display/1/,런던프로소디 피치카토블리스오드코롱,83000,10,"초원,맨발,용기",초원,피치카토블리스오드코롱,런던프로소디 피치카토블리스오드코롱,딥디크 제라늄오도라타,,메모 아프리칸레더,,
245,,런던프로소디,베리블릿츠오드코롱,"갓 딴 베리와 오렌지 마멀레이드, 모두를 식탁으로 불러모으는 신선한 상큼함",/product/프로소디-런던-베리-블릿츠-오-드-코롱-30ml/2226/category/568/display/1/,런던프로소디 베리블릿츠오드코롱,83000,10,"베리,오렌지마말레이드,식탁,상큼","베리,오렌지마말레이드,상큼",베리블릿츠오드코롱,런던프로소디 베리블릿츠오드코롱,알마프 클럽드뉘인텐스,아틀리에 코롱클레망틴캘리포니아,트루사르디 돈나,메종프란시스커정 아쿠아유니버셜,
246,,런던프로소디,트레비로즈오드코롱,라즈베리 과즙을 먹고 자라나 더욱 붉어진 장미가 연출하는 고혹스러운 향기,/product/프로소디-런던-트레비-로즈-오-드-코롱-30ml/2223/category/568/display/1/,런던프로소디 트레비로즈오드코롱,83000,10,"라즈베리,과즙,로즈","라즈베리,과즙,로즈",트레비로즈오드코롱,런던프로소디 트레비로즈오드코롱,딥디크 오로즈,프레데릭말 포트레이트오브어레이디,프라고나르 로즈드메이,,
247,,런던프로소디,리솜린든오드퍼퓸,호수에 뛰어든 멜론의 달콤함이 연두빛 물안개를 피워내는 상큼함,/product/프로소디-런던-리솜-린든-오-드-퍼퓸-50ml/2215/category/568/display/1/,런던프로소디 리솜린든오드퍼퓸,158000,10,"호수,멜론,달콤,연두빛,안개,상큼","호수,멜론,달콤,연두빛,안개,상큼",리솜린든,런던프로소디 리솜린든,아이젠버그 조즈옴므,,,,아틀리에 코롱클레망틴캘리포니아
248,,런던프로소디,랜턴리드오드퍼퓸,손 안의 작은 랜턴 불의 열기가 베티버 기둥에 닿아 따스한 온기를 느끼게 하는 자연의 향기,/product/프로소디-런던-랜턴-리드-오-드-퍼퓸-50ml/2214/category/568/display/1/,런던프로소디 랜턴리드오드퍼퓸,158000,10,"랜턴,불,열기,베티버,온기,자연","불,열기,베티버,온기,자연",랜턴리드,런던프로소디 랜턴리드,딥디크 베티베리오,,크리드 오리지널베티버,프레데릭말 베티버엑스트라오디네르,
249,,런던프로소디,히아신스존퀼오드퍼퓸,"햇살이 비추는 자리, 하얀 치마 폭에 담은 히아신스가 따뜻하게 물드는 여운의 향기",/product/프로소디-런던-히아신스-존퀼-오-드-퍼퓸-50ml/2213/category/568/display/1/,런던프로소디 히아신스존퀼오드퍼퓸,158000,50,"햇살,치마,히아신스,여운","햇살,히아신스",히아신스존퀼,런던프로소디 히아신스존퀼,샤보 에뜨왈드룬,,메모 일하도멜,분더샵 에버얼웨이즈,
250,,런던프로소디,로즈론듀오드퍼퓸,버건디 로즈 그리고 블랙커런트와 제라늄의 쌉싸름한 달콤함을 씹어낸 신선한 아성,/product/프로소디-런던-로즈-론듀-오-드-퍼퓸-50ml/2212/category/568/display/1/,런던프로소디 로즈론듀오드퍼퓸,158000,50,"버건디,로즈,블랙커런트,제라늄,아성","버건디,로즈,블랙커런트,제라늄,아성",로즈론듀,런던프로소디 로즈론듀,스테파니브루진 큐피동,프라고나르 로즈드메이,딥디크 오로즈,,끌로에 로즈드끌로에
251,,런던프로소디,우드옥타브오드퍼퓸,"파피루스 나무 사이를 헤쳐 나갈 때, 옷깃에 배인 나무 내음이 문득 편안해지던 순간",/product/프로소디-런던-우드-옥타브-오-드-퍼퓸-50ml/2211/category/568/display/1/,런던프로소디 우드옥타브오드퍼퓸,158000,10,"파피루스,나무,옷깃","파피루스,나무",우드옥타브,런던프로소디 우드옥타브,누NOU 올리반,,본드 넘버나인차이나타운,,
253,,스테파니브루진,마이젠틀맨오드퍼퓸,철보다 단단한 심장을 가진 남자의 아로마틱 - 푸제르 계열 스킨내음,/product/스테파니-브루진-마이-젠틀맨-오-드-퍼퓸-100ml/2194/category/568/display/1/,스테파니브루진 마이젠틀맨오드퍼퓸,250000,100,"남성,아로마,푸제르,스킨","아로마,푸제르,스킨",마이젠틀맨,스테파니브루진 마이젠틀맨,크리드 어벤투스코롱,장폴고티에 르보,,랄프로렌 폴로블루맨,퍼퓸드말리 페가수스
254,,세르주루텐,플뢰르도랑제오드퍼퓸,무르익은 튜베로즈 꽃망울이 터지며 달콤한 허니 디저트 위로 사뿐히 내려앉는 섬세함,/product/세르주루텐-플뢰르-도랑제-오-드-퍼퓸/2181/category/568/display/1/,세르주루텐 플뢰르도랑제오드퍼퓸,205000,50,"튜베로즈,꽃망울,허니,디저트","튜베로즈,꽃망울,허니,디저트",플뢰르도랑제,세르주루텐 플뢰르도랑제,프레데릭말 카날플라워,조르지오 아르마니마이웨이,구찌 블룸,크리드 플러리시모,
255,,세르주루텐,다튜라느와오드퍼퓸,"깊은 상처까지 감싸 안아줄 것 같은, 헬리오트로프와 튜베로즈의 안락한 편안함",/product/세르주루텐-다튜라느와-오-드-퍼퓸/2179/category/568/display/1/,세르주루텐 다튜라느와오드퍼퓸,205000,50,"상처,헬리오트로프,튜베로즈,편안함","헬리오트로프,튜베로즈",다튜라느와,세르주루텐 다튜라느와,프레데릭말 카날플라워,,조르지오 아르마니마이웨이,,구찌 블룸
256,,스테파니브루진,파리생제르망오드퍼퓸,안개에 젖은 레몬 홍차 티백이 천천히 우러날 때 - 중성적인 달콤함을 자아내는 향기,/product/스테파니-브루진-파리생제르망-오-드-퍼퓸-100ml/2173/category/568/display/1/,스테파니브루진 파리생제르망오드퍼퓸,250000,100,"안개,레몬,홍차,티백,중성","안개,레몬,홍차",파리생제르망,스테파니브루진 파리생제르망,로이비 로터스앤인센스,,크리드 로얄워터,르라보 로즈,메종마르지엘라 언더더레몬트리
257,,스테파니브루진,델리스오드퍼퓸,"파리의 돌담길, 시나몬과 바닐라빈의 따스함이 천천히 자리를 데우는 향기",/product/스테파니-브루진-델리스-오-드-퍼퓸-100ml/2171/category/568/display/1/,스테파니브루진 델리스오드퍼퓸,250000,100,"파리,돌담,시나몬,바닐라","시나몬,바닐라",델리스,스테파니브루진 델리스,오디딸리 몬투더스크,,,바이레도 집시워터,나르시소로드리게즈 엉브레
258,,스테파니브루진,캐시미어오드퍼퓸,"화양연화 속 낡은 다락방, 우디 머스크의 붉은 톤이 따스하게 머무는 자리의 향기",/product/스테파니-브루진-캐시미어-오-드-퍼퓸-100ml/2170/category/568/display/1/,스테파니브루진 캐시미어오드퍼퓸,250000,100,"화양연화,다락방,우드,머스크","우드,머스크",캐시미어,스테파니브루진 캐시미어,반클리프엔아펠 오우드블랑,바이레도 집시워터,나르시소로드리게즈 포허,,프레데릭말 뮤스크라바줴
259,,스테파니브루진,큐피동오드퍼퓸,블랙커런트 이슬이 흩어지며 장미에 젖어드는 투명한 아름다움,/product/스테파니-브루진-큐피동-오-드-퍼퓸-100ml/2162/category/568/display/1/,스테파니브루진 큐피동오드퍼퓸,250000,100,"블랙커런트,이슬,로즈","블랙커런트,이슬,로즈",큐피동,스테파니브루진 큐피동,딥디크 오로즈,프라고나르 로즈드메이,,,
260,,누NOU,벨벳블라썸오드퍼퓸,"스모키한 벨벳 질감의 따스한 클로브 향기, 중성적인 데일리 캐주얼",/product/누nou-벨벳-블라썸-오-드-퍼퓸-50ml/2158/category/568/display/1/,누NOU 벨벳블라썸오드퍼퓸,50000,50,"스모키,벨벳,클로브,중성,데일리,캐주얼","스모키,벨벳,클로브",벨벳블라썸,누NOU 벨벳블라썸,조말론 벨벳로즈앤오드코롱인텐스,구딸파리 쁘띠쉐리,아닉구딸 쁘띠쉐리,,
261,,누NOU,에이버리오드뚜왈렛,센스있는 남자의 부드러운 우디-시트러스풍 깔끔함,/product/누nou-에이버리-오-드-뚜왈렛-50ml/2154/category/568/display/1/,누NOU 에이버리오드뚜왈렛,50000,50,"센스,남성,우드,시트러스","우드,시트러스",에이버리,누NOU 에이버리,누NOU 우디,버버리 런던포맨,존바바토스 아티산퓨어,,퍼퓸드말리 페가수스
262,,누NOU,올리반오드뚜왈렛,솔나무와 송진이 배인 옷깃에 순수한 마음까지 갖춘 올곧은 감수성의 남자향기,/product/누nou-올리반-오-드-뚜왈렛-50ml/2152/category/568/display/1/,누NOU 올리반오드뚜왈렛,50000,50,"나무,송진,옷깃,감수성,남성","나무,송진",올리반,누NOU 올리반,런던프로소디 우드옥타브,,,,크리드 어벤투스
263,,누NOU,우디오드뚜왈렛,센스있는 남자의 부드러운 우디-시트러스풍 깔끔함,/product/누nou-우디-오-드-뚜왈렛-50ml/2146/category/568/display/1/,누NOU 우디오드뚜왈렛,50000,50,"센스,남성,우드,시트러스","우드,시트러스",우디,누NOU 우디,누NOU 에이버리,버버리 런던포맨,존바바토스 아티산퓨어,,퍼퓸드말리 페가수스
264,,누NOU,플로럴미스트오드퍼퓸,"프리지아, 만다린, 로즈가 이슬 안개처럼 공중으로 흩어지는 경쾌한 향기",/product/누nou-플로럴-미스트-오-드-퍼퓸-50ml/2134/category/568/display/1/,누NOU 플로럴미스트오드퍼퓸,50000,50,"프리지아,만다린,로즈,이슬,안개,공중","프리지아,만다린,로즈,이슬,안개",플로럴미스트,누NOU 플로럴미스트,스테파니브루진 큐피동,딥디크 오로즈,프라고나르 로즈드메이,,
265,,누NOU,로즈파출리오드퍼퓸,로즈와 파출리의 스파클링한 사랑스러움이 한 장면으로 추억되는 향기,/product/누nou-로즈-파출리-오-드-퍼퓸-50ml/2133/category/568/display/1/,누NOU 로즈파출리오드퍼퓸,50000,50,"로즈,파출리,스파클링,추억","로즈,파출리,스파클링",로즈파출리,누NOU 로즈파출리,프라고나르 로즈드메이,딥디크 오로즈,더디퍼런트컴퍼니 카샨로즈,,끌로에 로즈드끌로에
266,,누NOU,투베로즈오드퍼퓸,투베로즈의 하얀 곡선처럼 등의 여린 살결이 유영하듯 흐르는 아름다움,/product/누nou-투베로즈-오-드-퍼퓸-50ml/2130/category/568/display/1/,누NOU 투베로즈오드퍼퓸,50000,50,"튜베로즈,곡선,살결,유영",튜베로즈,투베로즈,누NOU 투베로즈,세르주루텐 튜베로즈크리미넬,프레데릭말 카날플라워,톰포드 솔레이네쥬,,
267,,구찌,블룸프로푸모디피오리오드퍼퓸,구찌의 아이코닉한 블룸 감성을 더 잔잔하게 풀어낸 튜베로즈 향기,/product/구찌-블룸-프로푸모-디-피오리-오-드-퍼퓸-50ml/2102/category/568/display/1/,구찌 블룸프로푸모디피오리오드퍼퓸,143000,50,"아이코닉,블룸,감성,튜베로즈","아이코닉,블룸,튜베로즈",블룸프로푸모디피오리,구찌 블룸프로푸모디피오리,프레데릭말 카날플라워,구찌 블룸,크리드 플러리시모,,딥디크 도손
268,,구찌알케미스트가든,어송포더로즈오드퍼퓸,가장 순도 높은 불가리안 로즈 워터에서 느낄 수 있는 구찌 하우스의 품격,/product/구찌-알케미스트-가든-어-송-포-더-로즈-오-드-퍼퓸/2082/category/568/display/1/,구찌알케미스트가든 어송포더로즈오드퍼퓸,450000,100,"순도,불가리안,로즈,품격","로즈,품격",어송포더로즈,구찌알케미스트가든 어송포더로즈,딥디크 오로즈,프라고나르 로즈드메이,,끌로에 로즈드끌로에,
269,,프라고나르,벨드그라스오드뚜왈렛,"바이올렛,라일락의 보라빛 향연에서 헬리오트로프가 감싸안는 따스함",/product/프라고나르-벨-드-그라스-오-드-뚜왈렛-100ml/2056/category/568/display/1/,프라고나르 벨드그라스오드뚜왈렛,90000,100,"바이올렛,라일락,보라색,헬리오트로프","라일락,헬리오트로프",벨드그라스,프라고나르 벨드그라스,불리 오트리플페루헬리오트로프,프레데릭말 로디베,,,프레데릭말 엉빠썽
270,,알마프,클럽드뉘인텐스오드뚜왈렛,"어벤투스 클론, 그럼에도 기분 좋은 상큼함은 더욱 살린 캐주얼 향수",/product/알마프-클럽-드-뉘-인텐스-오-드-뚜왈렛-105200ml/2049/category/568/display/1/,알마프 클럽드뉘인텐스오드뚜왈렛,69000,105,"상큼,캐주얼",상큼,클럽드뉘인텐스,알마프 클럽드뉘인텐스,아틀리에 코롱클레망틴캘리포니아,트루사르디 돈나,메종프란시스커정 아쿠아유니버셜,프라다 캔디슈가팝,
273,,사랑해요,시리즈에이오드퍼퓸,"타고난 사업가, 그 모험에서 오는 쾌감을 즐길 줄 아는 남자의 향기",/product/사랑해요-71-시리즈-에이-오-드-퍼퓸-100ml/1992/category/568/display/1/,사랑해요 시리즈에이오드퍼퓸,123000,100,"사업가,모험,쾌감,남성",,시리즈에이,사랑해요 시리즈에이,퍼퓸드말리 갤러웨이,퍼퓸드말리 퍼시벌,조르지오 아르마니아쿠아디지오뿌르옴므,장폴고티에 르말,
274,,사랑해요,빌리브인캐피탈리즘오드퍼퓸,"자본주의의 환희와 절정, 그 양면성을 담은 라즈베리 - 레더 향기",/product/사랑해요-61-빌리브-인-캐피탈리즘-오-드-퍼퓸-100ml/1991/category/568/display/1/,사랑해요 빌리브인캐피탈리즘오드퍼퓸,123000,100,"자본주의,환희,절정,라즈베리,레더","라즈베리,레더",빌리브인캐피탈리즘,사랑해요 빌리브인캐피탈리즘,존바바토스 다크레블라이더,,,프레데릭말 포트레이트오브어레이디,
275,,사랑해요,베스팅데이오드퍼퓸,"내 몸보다 더 나같은, 신사답게 꼭 맞아 떨어지는 베티버 향기",/product/사랑해요-70-베스팅-데이-오-드-퍼퓸-100ml/1990/category/568/display/1/,사랑해요 베스팅데이오드퍼퓸,123000,100,"베티버,신사",베티버,베스팅데이,사랑해요 베스팅데이,딥디크 베티베리오,발렌티노 우모,돌체앤가바나 더원포맨,크리드 오리지널베티버,
276,,사랑해요,밋조플린오드퍼퓸,"뒷골목 재즈 바 감성을 닮아, 느린 템포 속 다채롭고 풍성하게 흐르는 바닐라 향기",/product/사랑해요-98-밋-조플린-오-드-퍼퓸-100ml/1988/category/568/display/1/,사랑해요 밋조플린오드퍼퓸,123000,100,"뒷골목,재즈,감성,바닐라",바닐라,밋조플린,사랑해요 밋조플린,프라다 캔디키스,롤리타렘피카 그린러버,롤리타렘피카 옴므,나르시소로드리게즈 엉브레,
279,,퍼퓸드말리,달시오드퍼퓸,"퍼퓸드말리 여성향수, 달시",/product/퍼퓸드말리-달시-오-드-퍼퓸-75ml/1974/category/568/display/1/,퍼퓸드말리 달시오드퍼퓸,340000,75,"퍼품드말리,여성",,달시,퍼퓸드말리 달시,발렌티노 발렌티나우먼,,랄프로렌 폴로랄프우먼,랑콤 미라클,
283,,퍼퓸드말리,사파나드,석양의 차분함을 닮은 오렌지 블라썸에 차분하게 녹아드는 일랑일랑과 바닐라,/product/퍼퓸드말리-사파나드-75ml/1961/category/568/display/1/,퍼퓸드말리 사파나드,365000,75,"석양,오렌지블라썸,바닐라","오렌지블라썸,바닐라",사파나드,퍼퓸드말리 사파나드,더디퍼런트컴퍼니 퓨어이브,,바이레도 집시워터,나르시소로드리게즈 엉브레,롤리타렘피카 옴므
284,,퍼퓸드말리,델리나,엄친딸 포스 나는 예쁘고 달콤한 리치 바닐라와 피오니의 사기적인 향기,/product/퍼퓸-드-말리-델리나-75ml/1957/category/568/display/1/,퍼퓸드말리 델리나,365000,75,"엄친딸,리치,바닐라,피오니,기적","리치,바닐라,피오니",델리나,퍼퓸드말리 델리나,프라다 캔디키스,나르시소로드리게즈 엉브레,랑콤 미라클,롤리타렘피카 옴므,바이레도 집시워터
286,,글로시에,글로시에유오드퍼퓸,"살결인지, 살결에 스친 꽃잎인지 헷갈리게 만드는 묘한 순수함",/product/글로시에-글로시에-유-오-드-퍼퓸-50ml/1928/category/568/display/1/,글로시에 글로시에유오드퍼퓸,100000,50,"살결,꽃잎,순수",꽃잎,글로시에유,글로시에 글로시에유,에트로 화이트매그놀리아,톰포드 솔레이네쥬,산타마리아노벨라 아이리스,,
291,,프라고나르,벨쉐리,듬뿍 담긴 따스한 사랑에 달궈진 스타후르츠의 달콤함,/product/프라고나르-벨-쉐리-305060ml/1898/category/568/display/1/,프라고나르 벨쉐리,90000,30,"사랑,스타후르츠,달콤","스타후르츠,달콤",벨쉐리,프라고나르 벨쉐리,아이젠버그 조즈옴므,,구딸파리 쁘띠쉐리,아닉구딸 쁘띠쉐리,
294,,프라고나르,벨드뉘,"가드니아와 붓꽃이 어울린 단정함 , 디올 쟈도르보다 조금 더 차분한 아름다움",/product/프라고나르-벨-드-뉘-5060ml/1882/category/568/display/1/,프라고나르 벨드뉘,110000,50,"가드니아,붓꽃,자도르","가드니아,붓꽃,자도르",벨드뉘,프라고나르 벨드뉘,아닉구딸 엉마뗑도하쥬,,크리드 플뢰르드가드니아,구찌 플로라고져스가드니아,메모 일하도멜
296,,데렉램10크로스비,러브디럭스오드퍼퓸,비가 그친 뒤 잔뜩 날이 서 있는 정원에서 가장 사랑스럽게 핀 꽃의 담백함,/product/데렉-램-10-크로스비-러브디럭스-오-드-퍼퓸-50100ml/1880/category/568/display/1/,데렉램10크로스비 러브디럭스오드퍼퓸,83000,50,"정원,사랑",정원,러브디럭스,데렉램10크로스비 러브디럭스,아닉구딸 엉마뗑도하쥬,구딸파리 쁘띠쉐리,아닉구딸 쁘띠쉐리,,
297,,에트로,비콜로피오리오드뚜왈렛,고급스런 모던함의 벨 플라워가 상대방을 휘감는 매력,/product/에트로-비콜로피오리-오-드-뚜왈렛-50100ml/1873/category/568/display/1/,에트로 비콜로피오리오드뚜왈렛,104000,50,"모던,플로럴,매력","모던,플로럴",비콜로피오리,에트로 비콜로피오리,아이젠버그 디아볼리끄옴므,,메종마르지엘라 플라워마켓,,킬리안 우먼인골드
298,,구딸파리,로즈폼퐁오드퍼퓸,검정색 단발의 탕웨이가 생각나는 고급미 넘치는 담백한 장미향기,/product/구딸파리-로즈폼퐁-오-드-퍼퓸/1860/category/568/display/1/,구딸파리 로즈폼퐁오드퍼퓸,198000,50,"검정색,고급,로즈","고급,로즈",로즈폼퐁,구딸파리 로즈폼퐁,아닉구딸 로즈폼퐁,프라고나르 로즈드메이,딥디크 오로즈,끌로에 로즈드끌로에,
300,,트루사르디,르비드밀라노비하인드커튼스칼라오드퍼퓸,막내린 극장에서 연습하는 배우의 열정 가득한 클로브 레더,/product/트루사르디-르비드-밀라노-비하인드-커튼-스칼라-오-드-퍼퓸-100ml/1822/category/568/display/1/,트루사르디 르비드밀라노비하인드커튼스칼라오드퍼퓸,280000,100,"극장,열정,클로브,레더","열정,클로브,레더",르비드밀라노비하인드커튼스칼라,트루사르디 르비드밀라노비하인드커튼스칼라,메종마르지엘라 뮤직페스티벌,,,메모 이탈리안레더,
301,,트루사르디,르비드밀라노갤러리아비토리오에마누엘레세오드퍼퓸,자신감 넘치는 관능미의 바닐라 모카향기,/product/트루사르디-르비드-밀라노-갤러리아-비토리오-에마누엘레-2세-오-드-퍼퓸-100ml/1820/category/568/display/1/,트루사르디 르비드밀라노갤러리아비토리오에마누엘레세오드퍼퓸,280000,100,"자신감,관능,바닐라,모카","바닐라,모카",르비드밀라노갤러리아비토리오에마누엘레세,트루사르디 르비드밀라노갤러리아비토리오에마누엘레세,프라다 캔디키스,,,바이레도 집시워터,롤리타렘피카 옴므
302,,트루사르디,르비드밀라노비아델라스피가오드퍼퓸,애플과 허니크림의 럭셔리하고 귀족적인 부드러움,/product/트루사르디-르비드-밀라노-비아-델라-스피가-오-드-퍼퓸-100ml/1819/category/568/display/1/,트루사르디 르비드밀라노비아델라스피가오드퍼퓸,280000,100,"애플,허니,럭셔리,귀족,부드러움","애플,허니,럭셔리,부드러움",르비드밀라노비아델라스피가,트루사르디 르비드밀라노비아델라스피가,랄프로렌 폴로,시슬리 오뒤스와르,메종마르지엘라 재즈클럽,몽블랑 레전드나이트,조말론 잉글리쉬페어앤프리지아코롱
303,,샤보,에뜨왈드룬오드퍼퓸,햇살을 잘게 부순듯한 파우더에서 날것 같은 오렌지블로썸의 나긋한 향기,/product/샤보-에뜨왈-드-룬-오-드-퍼퓸-30ml/1787/category/568/display/1/,샤보 에뜨왈드룬오드퍼퓸,125000,30,"햇살,파우더,오렌지블라썸","햇살,파우더,오렌지블라썸",에뜨왈드룬,샤보 에뜨왈드룬,디올 조이바이디올,트루사르디 돈나,입생로랑 리브르,,불가리 쁘띠마망
308,,데렉램10크로스비,사일런트스트리트오드퍼퓸,더운여름날 흰색시스루 티셔츠와 청바지를 가볍게 입은 듯한 파우더한 향기,/product/데렉-램-10-크로스비-사일런트-스트리트-오-드-퍼퓸-1050100ml/1668/category/568/display/1/,데렉램10크로스비 사일런트스트리트오드퍼퓸,37000,10,"여름날,흰색,시스루,티셔츠,청바지,파우더","여름날,흰색,파우더",사일런트스트리트,데렉램10크로스비 사일런트스트리트,불가리 쁘띠마망,,더디퍼런트컴퍼니 퓨어이브,롤리타렘피카 몽,
309,,샤보,이노센트프라질리테오드퍼퓸,"꽃비누로 깨끗히 씻은 후, 수건만 가볍게 두르고 나온 듯한 순수+관능미",/product/샤보-이노센트-프라질리테-오-드-퍼퓸-30ml/1578/category/568/display/1/,샤보 이노센트프라질리테오드퍼퓸,155000,30,"비누,수건,순수,관능",비누,이노센트프라질리테,샤보 이노센트프라질리테,산타마리아노벨라 프리지아오드코롱,아쿠아디파르마 미르토디파나레아,메종마르지엘라 레이지선데이모닝,에트로 우다이푸르,
310,,구찌,길티블랙뿌르옴므오드뚜왈렛,여자들의 취향을 잘 이해할것 같은 세련되고 남자다운 향기,/product/구찌-길티-블랙-뿌르옴므-오-드-뚜왈렛/1560/category/568/display/1/,구찌 길티블랙뿌르옴므오드뚜왈렛,97000,50,"센스,남자다운",,길티블랙뿌르옴므,구찌 길티블랙뿌르옴므,누NOU 에이버리,버버리 런던포맨,,,
311,,펜할리곤스,앤디미온꽁상뜨레오드퍼퓸,그윽하고 스모키한 커피원두 기반의 남성적이고 세련된 향기,/product/펜할리곤스-앤디미온-꽁상뜨레-오-드-퍼퓸-100ml/1502/category/568/display/1/,펜할리곤스 앤디미온꽁상뜨레오드퍼퓸,270000,100,"그윽,스모키,커피,남성","그윽,스모키,커피",앤디미온꽁상뜨레,펜할리곤스 앤디미온꽁상뜨레,에르메스 오드시트론느와오드코롱,,크리드 어벤투스,,장폴고티에 르말
312,,세르주루텐,페미니떼드부아오드퍼퓸,"세르주루텐의 첫 작품, 오리엔탈 계열의 삼나무와 클로브가 묘사하는 관능적인 여성성의 끝",/product/세르주루텐-페미니떼드부아-오-드-퍼퓸/1499/category/568/display/1/,세르주루텐 페미니떼드부아오드퍼퓸,205000,50,"세르주루텐,오리엔탈,삼나무,클로브,관능,여성성","세르주루텐,삼나무,클로브",페미니떼드부아,세르주루텐 페미니떼드부아,장폴고티에 클래식,프레드릭엠 오베드상,세르주루텐 라휘드베흘랑,,
316,,아베크롬비앤피치,피어스맨오드코롱,아베크롬비 본사를 대표하는 시그니쳐 남자향수,/product/아베크롬비앤피치-피어스-맨-오-드-코롱-50100200ml/1397/category/568/display/1/,아베크롬비앤피치 피어스맨오드코롱,123000,50,"아베크롬비,남성",,피어스맨오드코롱,아베크롬비앤피치 피어스맨오드코롱,입생로랑 라뉘드옴므,구찌 길티뿌르옴므,퍼퓸드말리 퍼시벌,조르지오 아르마니아쿠아디지오뿌르옴므,
318,,나르시소로드리게즈,푸드레오드퍼퓸,"부드러운 달콤함으로 샤워한 듯, 뽀송한 비누",/product/나르시소-로드리게즈-푸드레-오-드-퍼퓸-305090ml/1347/category/568/display/1/,나르시소로드리게즈 푸드레오드퍼퓸,85000,30,"샤워,비누,달콤","비누,달콤",푸드레,나르시소로드리게즈 푸드레,아이젠버그 조즈옴므,메종마르지엘라 레이지선데이모닝,아쿠아디파르마 미르토디파나레아,에트로 우다이푸르,
319,,불리,오트리쁠공원에서의대화,"공원에서 마주한 가장 순수한 싱그러움, 가장 일상적이고 산뜻한 자연 그대로의 향기",/product/불리-오-트리쁠-공원에서의-대화-75ml/2379/category/568/display/1/,불리 오트리쁠공원에서의대화,230000,75,"공원,일상,자연,순수","공원,자연",오트리쁠공원에서의대화,불리 오트리쁠공원에서의대화,글로시에 글로시에유,프라다 루나로사블랙,크리드 바이킹,,
321,,겔랑,라쁘띠로브느와르레제르오드퍼퓸,블랙체리의 세련됨이 가미된 2018년 신작 플랭커,/product/겔랑-라쁘띠-로브-느와르-레제르-오-드-퍼퓸-50ml/1544/category/568/display/1/,겔랑 라쁘띠로브느와르레제르오드퍼퓸,110000,50,"블랙체리,플랭커","블랙체리,플랭커",라쁘띠로브느와르레제르,겔랑 라쁘띠로브느와르레제르,케네스콜 블루,,,,톰포드 코스타아주라
322,,미우미우,로블루오드퍼퓸,청량한 하늘의 푸르름을 담은 이슬먹은 은방울꽃,/product/미우미우-로블루-오-드-퍼퓸/1678/category/568/display/1/,미우미우 로블루오드퍼퓸,165000,100,"하늘,푸른,이슬,은방울꽃","하늘,푸른,이슬,은방울꽃",로블루,미우미우 로블루,킬리안 문라이트인헤븐,,분더샵 인피니트썬,,
326,,로이비,베르가못앤화이트로즈오드퍼퓸,"쁘띠쉐리를 차분하게 닮은, 아삭한 배와 로즈가 얽혀 연출하는 차분한 조화",/product/로이비-베르가못-앤-화이트로즈-오-드-퍼퓸-50ml/2291/category/568/display/1/,로이비 베르가못앤화이트로즈오드퍼퓸,109000,50,"쁘띠쉐리,로즈","쁘띠쉐리,로즈",베르가못앤화이트로즈,로이비 베르가못앤화이트로즈,프라고나르 로즈드메이,딥디크 오로즈,,끌로에 로즈드끌로에,
327,,오리베,코트다쥐르오드퍼퓸,"청량한 레몬이 시클라멘 꽃 위에 누워 파도를 타듯, 일렁이는 햇살 속에 젖어드는 낭만의 향기",/product/오리베-코트-다쥐르-오-드-퍼퓸-75ml/2287/category/568/display/1/,오리베 코트다쥐르오드퍼퓸,169000,75,"레몬,시클라멘,파도,햇살,낭만","레몬,시클라멘,파도,햇살",코트다쥐르,오리베 코트다쥐르,에르메스 오도랑쥬베르트오드코롱,프라다 캔디슈가팝,메종마르지엘라 언더더레몬트리,,크리드 로얄워터
329,,발렌티노,발렌티나우먼오드퍼퓸,첫 데이트에 가장 잘 어울릴 것 같은 여성스러운 향기,/product/발렌티노-발렌티나-우먼-오-드-퍼퓸/1570/category/568/display/1/,발렌티노 발렌티나우먼오드퍼퓸,160000,50,"데이트,여성",,발렌티나우먼,발렌티노 발렌티나우먼,끌로에 압솔뤼퍼퓸,랄프로렌 폴로랄프우먼,,,랑콤 미라클
331,,조말론,와일드블루벨코롱,연보랏빛 샴푸 향기가 주변을 같은 색으로 은은하게 물들이는 아름다움,/product/조말론-와일드-블루벨-코롱/1557/category/568/display/1/,조말론 와일드블루벨코롱,110000,30,"보라색,샴푸",샴푸,와일드블루벨코롱,조말론 와일드블루벨코롱,누NOU 시크릿블랑,,살바도르 달리달리라이트,트루사르디 페미닌,
338,,반클리프엔아펠,오키데바니유오드퍼퓸,"아스라이 퍼지는 달콤함에 취하는 슈가러쉬, 다크 초콜릿과 바닐라의 향연이 온 몸을 저릿하게 만드는 순간",/product/반클리프-앤-아펠-오키데-바니유-오-드-퍼퓸/2572/category/568/display/1/,반클리프엔아펠 오키데바니유오드퍼퓸,195000,75,"슈가러쉬,다크,초콜릿,바닐라","슈가러쉬,다크,초콜릿,바닐라",오키데바니유,반클리프엔아펠 오키데바니유,프라다 캔디키스,나르시소로드리게즈 엉브레,롤리타렘피카 옴므,,바이레도 집시워터
342,,에트로,샨텅오드퍼퓸,얇은 피오니 꽃잎이 블랙커런트와 연출하는 담백한 관능미,/product/에트로-샨텅-오-드-퍼퓸-100ml/1840/category/568/display/1/,에트로 샨텅오드퍼퓸,150000,100,"피오니,꽃잎,블랙커런트,관능","피오니,꽃잎,블랙커런트",샨텅,에트로 샨텅,미스디올 앱솔루틀리블루밍,,산타마리아노벨라 아이리스,,
345,,메종마르지엘라,스프링타임인어파크,풍성하게 핀 하얀 꽃나무 아래서 가까워진 봄을 알아차리게 하는 향기,/product/메종-마르지엘라-스프링타임-인-어-파크/1827/category/568/display/1/,메종마르지엘라 스프링타임인어파크,185000,100,"꽃나무,봄","꽃나무,봄",스프링타임인어파크,메종마르지엘라 스프링타임인어파크,산타마리아노벨라 아이리스,,,,
349,,에르메스,운자르뎅수르라라군오드뚜왈렛,따뜻한 돌담길 너머에 아늑하게 핀 백합과 나무 그리고 정원,/product/에르메스-운-자르뎅-수르-라-라군-오-드-뚜왈렛-30ml/1800/category/568/display/1/,에르메스 운자르뎅수르라라군오드뚜왈렛,129000,30,"돌담,백합,나무,정원","백합,나무,정원",운자르뎅수르라라군,에르메스 운자르뎅수르라라군,르페르소나 LP우든페이스,,,세르주루텐 라비에르쥐드페,
350,,에르메스,떼르데르메스퓨어퍼퓸,묵직한 송진과 나무가 어울려 클래식하고 단단한 남성미 연출,/product/에르메스-떼르-데르메스-퓨어-퍼퓸/1804/category/568/display/1/,에르메스 떼르데르메스퓨어퍼퓸,175000,75,"송진,나무,클래식,남성미","송진,나무,클래식",떼르데르메스퓨어퍼퓸,에르메스 떼르데르메스퓨어퍼퓸,에르메스 떼르데르메스,,,본드 넘버나인차이나타운,프라다 캔디
351,,반클리프엔아펠,캘리포니아레브리오드퍼퓸,"늦여름 낙조의 만다린을 따스히 감싸는 화이트 자스민, 아늑한 바닐라 향취",/product/반클리프-앤-아펠-캘리포니아-레브리-오-드-퍼퓸/2516/category/568/display/1/,반클리프엔아펠 캘리포니아레브리오드퍼퓸,198000,75,"여름,낙조,만다린,화이트,자스민,바닐라","여름,만다린,화이트,자스민,바닐라",캘리포니아레브리,반클리프엔아펠 캘리포니아레브리,메모 그라나다,,,,
352,,빅터앤롤프,플라워밤넥타린오드퍼퓸,"서양에서 정말 인기있는 플라워밤의 신작, 핑크 부케에 화사하게 드레싱된 꿀 향기",/product/빅터앤롤프-플라워밤-넥타린-오-드-퍼퓸-50ml/1539/category/568/display/1/,빅터앤롤프 플라워밤넥타린오드퍼퓸,135000,50,"플로럴,핑크,부케,드레싱","플로럴,핑크,부케",플라워밤넥타린,빅터앤롤프 플라워밤넥타린,에스티로더 모던뮤즈,메종마르지엘라 플라워마켓,,,나르시소로드리게즈 플레르머스크포허
354,,킬리안,불레이부쿠셔아베끄모아(나랑잘래)오드퍼퓸,"침대 위의 연인, 서로를 포근하게 끌어안은 온기만큼 몽글하게 퍼지는 화이트 플로럴-머스크",/product/킬리안-불레이-부-쿠셔-아베끄-모아-나랑잘래-오-드-퍼퓸-50ml/2246/category/568/display/1/,킬리안 불레이부쿠셔아베끄모아(나랑잘래)오드퍼퓸,328000,50,"침대,연인,온기,화이트플로럴,머스크","온기,화이트플로럴,머스크",불레이부쿠셔아베끄모아(나랑잘래),킬리안 불레이부쿠셔아베끄모아(나랑잘래),프레데릭말 뮤스크라바줴,,더디퍼런트컴퍼니 애프터미드나잇,나르시소로드리게즈 포허,톰포드 솔레이네쥬
356,,구찌,플로라고져스가드니아리미티드에디션,"달콤한 레드베리를 가드니아에 휘감아놓은, 여성스러움이 한껏 극대화된 섹시미",/product/구찌-플로라-고져스-가드니아-리미티드-에디션/2557/category/568/display/1/,구찌 플로라고져스가드니아리미티드에디션,149000,50,"레드베리,가드니아,여성,섹시","레드베리,가드니아",플로라고져스가드니아리미티드에디션,구찌 플로라고져스가드니아리미티드에디션,구찌 플로라고져스가드니아,,랑콤 미라클,,프레데릭말 뮤스크라바줴
366,,불리,오트리쁠승리의여신니케,"공중의 바람을 타고 불어온 튜베로즈, 목련 그리고 장미의 촉촉 하늘하늘한 향기",/product/불리-오-트리쁠-승리의-여신-니케-75ml/2380/category/568/display/1/,불리 오트리쁠승리의여신니케,230000,75,"공중,바람,튜베로즈,목련,로즈,촉촉","바람,튜베로즈,목련,로즈,촉촉",오트리쁠승리의여신니케,불리 오트리쁠승리의여신니케,구찌 블룸암브로시아디피오리,딥디크 오로즈,프라고나르 로즈드메이,크리드 러브인화이트,
367,,조말론,허니서클앤다바나코롱,연노랑빛 쉬폰 드레스 자락처럼 마음을 살랑살랑 간질일 것 같은 다바나 향기,/product/조말론-허니서클-앤-다바나-코롱/2330/category/568/display/1/,조말론 허니서클앤다바나코롱,110000,30,"노랑,쉬폰드레스,다바나","노랑,다바나",허니서클앤다바나코롱,조말론 허니서클앤다바나코롱,딥디크 오모헬리,,,,
368,,조말론,포피앤바알리코롱,"보리수의 달콤함 위로 블랙커런트 이슬이 스며드는 양귀비, 한 폭의 낭만을 완성짓는 향기",/product/조말론-포피-앤-바알리-코롱/2277/category/568/display/1/,조말론 포피앤바알리코롱,110000,30,"보리수,달콤,블랙커런트,이슬,양귀비,낭만","달콤,블랙커런트,이슬,양귀비",포피앤바알리코롱,조말론 포피앤바알리코롱,스테파니브루진 큐피동,아이젠버그 조즈옴므,,,본드 넘버나인차이나타운
369,,조말론,프랑지파니플라워코롱,봄바람을 탄 프랑지파니 꽃잎이 천천히 유영하듯 흐르는 하얀 아름다움,/product/조말론-프랑지파니-플라워-코롱-30ml/2114/category/568/display/1/,조말론 프랑지파니플라워코롱,110000,30,"봄바람,프랑지파니,꽃잎,유영","봄바람,프랑지파니,꽃잎",프랑지파니플라워코롱,조말론 프랑지파니플라워코롱,미스디올 앱솔루틀리블루밍,산타마리아노벨라 아이리스,,,
371,,조말론,머르앤통카코롱인텐스,"그 남자의 사랑법, 통카빈을 감싸 안은 따뜻한 머르 나무에서 느껴지는 자상함",/product/조말론-머르-앤-통카-코롱-인텐스/2263/category/568/display/1/,조말론 머르앤통카코롱인텐스,218000,50,"남성,사랑,통카빈,머르나무","통카빈,머르나무",머르앤통카코롱인텐스,조말론 머르앤통카코롱인텐스,크리드 실버마운틴워터,,구딸파리 쁘띠쉐리,크리드 어벤투스,
372,,조말론,튜버로즈안젤리카코롱인텐스,"네추럴 와인을 한모금 머금은 튜베로즈, 스며든 설렘이 안젤리카 땅속으로 차분히 자리하는 향기",/product/조말론-튜버로즈-안젤리카-코롱-인텐스-50ml/2275/category/568/display/1/,조말론 튜버로즈안젤리카코롱인텐스,218000,50,"네추럴,와인,모금,튜베로즈,땅속","네추럴,와인,튜베로즈,땅속",튜버로즈안젤리카코롱인텐스,조말론 튜버로즈안젤리카코롱인텐스,프레데릭말 카날플라워,조르지오 아르마니마이웨이,,,구찌 블룸
373,,조말론,벨벳로즈앤오드코롱인텐스,"향락적이고 뇌쇄적인 스모키 로즈, 벨벳처럼 보드라운 아로마틱 오우드의 안락",/product/조말론-벨벳-로즈-앤-오드-코롱-인텐스/2579/category/568/display/1/,조말론 벨벳로즈앤오드코롱인텐스,218000,50,"뇌쇄적,스모키,벨벳,아로마,우드,안락","스모키,벨벳,아로마,우드",벨벳로즈앤오드코롱인텐스,조말론 벨벳로즈앤오드코롱인텐스,아이젠버그 디아볼리끄우먼,바이레도 어코드우드,,바이레도 집시워터,아이젠버그 아이엠우먼
375,,에르메스,운자르뎅아프레라무쏭오드뚜왈렛,"갑자기 내린 여우비에, 촉촉한 꽃내음과 물내음 섞인 메론향기가 피어났던 한적한 프랑스 정원",/product/에르메스-운-자르뎅-아프레-라-무쏭-오-드-뚜왈렛/2468/category/568/display/1/,에르메스 운자르뎅아프레라무쏭오드뚜왈렛,175000,50,"여우비,촉촉,꽃내음,멜론,프랑스,정원","여우비,촉촉,꽃내음,멜론,정원",운자르뎅아프레라무쏭,에르메스 운자르뎅아프레라무쏭,크리드 네롤리소바쥬,세르주루텐 라비에르쥐드페,,,
376,,오리베,데저트랜드오드퍼퓸,"소나무의 청량함이 건조하게 피어나는 곳, 사막. 그 담담함에 대한 향기",/product/오리베-데저트랜드-오-드-퍼퓸-75ml/2285/category/568/display/1/,오리베 데저트랜드오드퍼퓸,169000,75,"소나무,사막","소나무,사막",데저트랜드,오리베 데저트랜드,SWG컬렉션 오드더티,,,크리드 로얄메이페어,프레데릭말 프렌치러버
377,,오리베,밸리오브플라워스오드퍼퓸,"꽃이 만개한 5월, 따사로운 햇빛 속 로즈, 피오니, 바이올렛이 풍성하게 어울리는 향기",/product/오리베-밸리-오브-플라워스-오-드-퍼퓸-75ml/2286/category/568/display/1/,오리베 밸리오브플라워스오드퍼퓸,169000,75,"햇빛,로즈,피오니,바이올렛","햇빛,로즈,피오니",밸리오브플라워스,오리베 밸리오브플라워스,아쿠아디파르마 로사노빌레,딥디크 오로즈,프라고나르 로즈드메이,,
383,,에르메스,떼르데르메스오지브레오드퍼퓸,"잔 가득히 채워진 얼음, 자몽 가니쉬와 청량한 진 토닉을 연출하는 새콤 씁쓸한 프레시 시트러스",/product/에르메스-떼르-데르메스-오-지브레-오-드-퍼퓸/2624/category/568/display/1/,에르메스 떼르데르메스오지브레오드퍼퓸,187000,100,"얼음,자몽,진토닉,프레시,시트러스","얼음,자몽,진토닉,프레시,시트러스",떼르데르메스오지브레,에르메스 떼르데르메스오지브레,아틀리에 코롱포멜로파라디,메종프란시스커정 아쿠아셀레스티아,조말론 넥타린블로썸앤허니코롱,메종마르지엘라 언더더레몬트리,로이비 만다린앤샌달우드
387,,에르메스,르자르뎅드무슈리오드뚜왈렛,"호숫가 젖은 돌 틈새로 퍼지는 이슬 맺힌 풀 내음, 그 사이에 아로새겨진 금귤의 상큼함",/product/에르메스-르-자르뎅-드-무슈리-오-드-뚜왈렛/2493/category/568/display/1/,에르메스 르자르뎅드무슈리오드뚜왈렛,121000,50,"호수,이슬,맺힌,금귤,상큼","호수,이슬,금귤,상큼",르자르뎅드무슈리,에르메스 르자르뎅드무슈리,아쿠아디파르마 유자,,메종프란시스커정 아쿠아유니버셜,아틀리에 코롱클레망틴캘리포니아,트루사르디 돈나
388,,로에베,아우라핑크매그놀리아오드퍼퓸,"연분홍빛 목련 꽃봉오리가 바람에 한 점씩 떨어질 때 차분히 내려앉는, 살가운 시트러스-머스키",/product/로에베-아우라-핑크-매그놀리아-오-드-퍼퓸-50ml/2445/category/568/display/1/,로에베 아우라핑크매그놀리아오드퍼퓸,139000,50,"연분홍,목련,꽃봉오리,바람,시트러스,머스크","목련,꽃봉오리,바람,시트러스,머스크",아우라핑크매그놀리아,로에베 아우라핑크매그놀리아,메모 오션레더,,나르시소로드리게즈 포허,,프라고나르 매그놀리아
392,,산타마리아노벨라,로사가데니아오드코롱,"연하고 여린 장미, 그 위로 투명하도록 지나가는 머스크가 완성하는 맑고 깨끗한 향기",/product/산타마리아노벨라-로사-가데니아-오-드-코롱/2386/category/568/display/1/,산타마리아노벨라 로사가데니아오드코롱,199000,100,"로즈,머스크","로즈,머스크",로사가데니아오드코롱,산타마리아노벨라 로사가데니아오드코롱,딥디크 오로즈,프라고나르 로즈드메이,,프레데릭말 뮤스크라바줴,
393,,구딸파리,르쉐브르페이유오드뚜왈렛,"크리넥스 티슈향으로 유명한, 들판의 수선화와 풀꽃들의 음율같은 청아하고 순수한 향기",/product/구딸파리-르-쉐브르페이유-오-드-뚜왈렛-100ml/2369/category/568/display/1/,구딸파리 르쉐브르페이유오드뚜왈렛,198000,100,"크리넥스,티슈,들판,수선화,풀꽃,음율","들판,수선화,풀꽃",르쉐브르페이유,구딸파리 르쉐브르페이유,크리드 러브인화이트,,,,
394,,에르메스,H오드뚜왈렛,"에르메스 남자향수의 새로운 역사, 5월의 산뜻함이 잔뜩 배인 비누계열 스클라렌 향기",/product/에르메스-h24-오-드-뚜왈렛-50100ml/2359/category/568/display/1/,에르메스 H오드뚜왈렛,109000,50,"에르메스,남성,비누,스클라렌","비누,스클라렌",H,에르메스 H,메종마르지엘라 레이지선데이모닝,아쿠아디파르마 미르토디파나레아,,랄프로렌 폴로블루맨,아이젠버그 러브어페어옴므
395,,프라다,캔디키스오드퍼퓸,"나도 모르는 새 은근히 젖어, 내 마음을 차지한 바닐라의 달콤함",/product/프라다-캔디-키스-오-드-퍼퓸-5080ml/2355/category/568/display/1/,프라다 캔디키스오드퍼퓸,137000,50,바닐라,바닐라,캔디키스,프라다 캔디키스,바이레도 집시워터,,롤리타렘피카 옴므,나르시소로드리게즈 엉브레,톰포드 솔레이네쥬
396,,메종마르지엘라,뮤티니오드퍼퓸,"마르지엘라의 감각적 고급스러움, 지는 석양을 내리쬐는 튜베로즈와 캐시미어 우드의 조화",/product/메종-마르지엘라-뮤티니-오-드-퍼퓸-50ml/2346/category/568/display/1/,메종마르지엘라 뮤티니오드퍼퓸,150000,50,"감각,석양,튜베로즈,캐시미어,우드","감각,튜베로즈,우드",뮤티니,메종마르지엘라 뮤티니,에르메스 트윌리데르메스,,프레데릭말 카날플라워,바이레도 집시워터,바이레도 우드이모텔
398,,아쿠아디파르마,치노또디리구리아,이태리 남부의 따스한 햇살같은 시트러스가 마음을 어루만지는 평온함,/product/아쿠아-디-파르마-치노또-디-리구리아-75150ml/2261/category/568/display/1/,아쿠아디파르마 치노또디리구리아,155000,75,"이태리,남부,햇살,시트러스","햇살,시트러스",치노또디리구리아,아쿠아디파르마 치노또디리구리아,샤보 에뜨왈드룬,아쿠아디파르마 카멜리아,,,
399,,프라고나르,수이베무아오드뚜왈렛,"남자다운 라벤더 위로 부드럽게 내려앉은 바닐라, 자상한 남자에게 느껴지는 포근한 온기",/product/프라고나르-수이베무아-오-드-뚜왈렛-200ml/2254/category/568/display/1/,프라고나르 수이베무아오드뚜왈렛,120000,200,"남성,라벤더,바닐라,온기","라벤더,바닐라,온기",수이베무아,프라고나르 수이베무아,프라다 캔디키스,더디퍼런트컴퍼니 퓨어이브,퍼퓸드말리 갤러웨이,구찌 길티뿌르옴므,크리드 어벤투스
401,,세르주루텐,르파티시프빠세오드퍼퓸,"천 년의 시간을 견딘 고목, 시간이 쌓여야만 느낄 수 있는 진중한 무게감",/product/세르주루텐-르-파티시프-빠세-오-드-퍼퓸-50ml/2190/category/568/display/1/,세르주루텐 르파티시프빠세오드퍼퓸,205000,50,"고목,무게",고목,르파티시프빠세,세르주루텐 르파티시프빠세,케네스콜 블루,,,,톰포드 코스타아주라
404,,에트로,화이트매그놀리아오드퍼퓸,"살결을 스치는 목련꽃잎처럼, 그 풍성하고 고소한 하얀 색의 아름다움",/product/에트로-화이트-매그놀리아-오-드-퍼퓸-100ml/2167/category/568/display/1/,에트로 화이트매그놀리아오드퍼퓸,180000,100,"살결,목련,꽃잎","목련,꽃잎",화이트매그놀리아,에트로 화이트매그놀리아,글로시에 글로시에유,프라고나르 매그놀리아,산타마리아노벨라 아이리스,프레드릭엠 오베드상,톰포드 솔레이네쥬
406,,구찌,블룸네타레디피오리오드퍼퓸,"구찌 블룸 정원, 신비로운 노란 달콤함을 불러일으키는 넥타린과 허니서클 향기",/product/구찌-블룸-네타레-디-피오리-오-드-퍼퓸-50ml/2157/category/568/display/1/,구찌 블룸네타레디피오리오드퍼퓸,132000,50,"블룸,정원,넥타린,허니서클","정원,넥타린,허니서클",블룸네타레디피오리,구찌 블룸네타레디피오리,구찌 블룸아쿠아디피오리,,,,
408,,누NOU,시크릿블랑오드퍼퓸,포도샴푸 향기가 하루종일 보랏빛 세상을 걷게 하는 몽환적인 설레임,/product/누nou-시크릿-블랑-오-드-퍼퓸-50ml/2144/category/568/display/1/,누NOU 시크릿블랑오드퍼퓸,50000,50,"포도,샴푸,종일,보라색,몽환,설레임","포도,샴푸",시크릿블랑,누NOU 시크릿블랑,조말론 와일드블루벨코롱,,조말론 다크앰버앤진저릴리코롱인텐스,,
409,,누NOU,체리블라썸오드퍼퓸,산정호수의 하얀 설눈처럼 쌓인 벚꽃의 싱그럽고도 은은한 향기,/product/누nou-체리블라썸-오-드-퍼퓸-50ml/2138/category/568/display/1/,누NOU 체리블라썸오드퍼퓸,50000,50,"호수,설눈,벚꽃","호수,설눈,벚꽃",체리블라썸,누NOU 체리블라썸,록시땅 체리블라썸,,,,
410,,누NOU,프리지아오드퍼퓸,신선하게 간 갈바넘과 쨍한 프리지아가 하루종일 곁에 감도는 뽀송함,/product/누nou-프리지아-오-드-퍼퓸-50ml/2132/category/568/display/1/,누NOU 프리지아오드퍼퓸,50000,50,"갈바넘,프리지아,종일","갈바넘,프리지아",프리지아,누NOU 프리지아,런던프로소디 페이퍼플라워팬오드코롱,딥디크 오프레지아,,조말론 잉글리쉬페어앤프리지아코롱,
411,,미스디올,앱솔루틀리블루밍오드퍼퓸,"밤을 입은 베리, 짙어진 피오니 꽃잎이 연출하는 고혹스러움",/product/미스디올-앱솔루틀리-블루밍-오-드-퍼퓸/2063/category/568/display/1/,미스디올 앱솔루틀리블루밍오드퍼퓸,224000,50,"베리,피오니,꽃잎","베리,피오니,꽃잎",앱솔루틀리블루밍,미스디올 앱솔루틀리블루밍,에트로 샨텅,,,산타마리아노벨라 아이리스,
412,,퍼퓸드말리,아탈리아,촉촉한 아이리스에 포근한 머스크의 귀족같은 차분함,/product/퍼퓸드말리-아탈리아-75ml/1965/category/568/display/1/,퍼퓸드말리 아탈리아,390000,75,"아이리스,머스크,귀족","아이리스,머스크,귀족",아탈리아,퍼퓸드말리 아탈리아,세르주루텐 끌레드머스크,나르시소로드리게즈 포허,,프레데릭말 이리스뿌드르,프레데릭말 뮤스크라바줴
419,,버버리,런던우먼오드퍼퓸,졸업반에 찾아온 긴생머리의 선배님이 풍길법한 우아한 허니써클 향기,/product/버버리-런던-우먼-오-드-퍼퓸/1793/category/568/display/1/,버버리 런던우먼오드퍼퓸,108000,100,"졸업,생머리,선배,허니서클",허니서클,런던우먼,버버리 런던우먼,구찌 블룸네타레디피오리,,,,
422,,아닉구딸,엉마뗑도하쥬,비 맞은 가드니아가 잔뜩 피어있는 정원을 걷고 있는 은은한 향기,/product/아닉구딸-엉-마뗑-도하쥬-100ml/1697/category/568/display/1/,아닉구딸 엉마뗑도하쥬,198000,100,"가드니아,정원","가드니아,정원",엉마뗑도하쥬,아닉구딸 엉마뗑도하쥬,데렉램10크로스비 러브디럭스,,,,구찌 플로라고져스가드니아
424,,겔랑,라쁘띠로브느와르오드퍼퓸,석양진 연회장에서 퍼지는 고급스러운 체리와 로즈의 향기,/product/겔랑-라쁘띠-로브-느와르-오-드-퍼퓸-100ml/1676/category/568/display/1/,겔랑 라쁘띠로브느와르오드퍼퓸,150000,100,"석양,연회장,체리,로즈","체리,로즈",라쁘띠로브느와르,겔랑 라쁘띠로브느와르,나르시소로드리게즈 루즈,프라고나르 로즈드메이,딥디크 오로즈,,
425,,데렉램10크로스비,드렁크온유스오드퍼퓸,사과샴푸향을 풍기며 뛰어가는 대학교2학년의 근처에서 날법한 산뜻한 향기,/product/데렉-램-10-크로스비-드렁크-온-유스-오-드-퍼퓸-1050100ml/1667/category/568/display/1/,데렉램10크로스비 드렁크온유스오드퍼퓸,37000,10,"사과,샴푸,대학교","사과,샴푸",드렁크온유스,데렉램10크로스비 드렁크온유스,살바도르 달리달리라이트,,,세르주루텐 뉘드셀로판,더디퍼런트컴퍼니 카샨로즈
426,,빅토리아,시크릿밤쉘오드퍼퓸,해외 빅시매장에서 판매량 1등을 다투는 여자향수,/product/빅토리아-시크릿-밤쉘-오-드-퍼퓸-50ml/1654/category/568/display/1/,빅토리아 시크릿밤쉘오드퍼퓸,95000,50,"해외,여성",,시크릿밤쉘,빅토리아 시크릿밤쉘,랑콤 미라클,랄프로렌 폴로랄프우먼,,,
427,,장폴고티에,스캔들오드퍼퓸,파티 한가운데의 주인공 같은 달콤하고 센슈얼한 부드러움,/product/장-폴-고티에-스캔들-오-드-퍼퓸-305080ml/1653/category/568/display/1/,장폴고티에 스캔들오드퍼퓸,90000,30,"파티,센슈얼,부드러움",부드러움,스캔들,장폴고티에 스캔들,나르시소로드리게즈 퓨어머스크,랄프로렌 폴로,시슬리 오뒤스와르,롤리타렘피카 옴므,
429,,구찌,길티블랙우먼오드뚜왈렛,"라즈베리와 파츌리의 은은한 모던함이, 퇴근길을 서두르는 그녀가 지나는 길에 잔잔한 흔적을 그리는 향기",/product/구찌-길티블랙-우먼-오-드-뚜왈렛/1614/category/568/display/1/,구찌 길티블랙우먼오드뚜왈렛,120000,50,"라즈베리,파츌리,모던,퇴근길,그녀","라즈베리,파츌리,모던",길티블랙우먼,구찌 길티블랙우먼,프레데릭말 포트레이트오브어레이디,,,톰포드 비터피치,
432,,구찌,엔비미오드뚜왈렛,리치와 파인애플이 상큼달콤하게 섞인 사랑스럽고 경쾌한 꽃향기,/product/구찌-엔비미-오-드-뚜왈렛-3050ml/1574/category/568/display/1/,구찌 엔비미오드뚜왈렛,76000,30,"리치,파인애플,상큼","리치,파인애플,상큼",엔비미,구찌 엔비미,아틀리에 코롱클레망틴캘리포니아,랑콤 미라클,트루사르디 돈나,,메종프란시스커정 아쿠아유니버셜
436,,돌체앤가바나,뿌르옴므new,"단종 후 한달전에 재출시, 유행타지 않는 전 세계적 남자향수",/product/돌체앤가바나-뿌르옴므-new-75125ml/1526/category/568/display/1/,돌체앤가바나 뿌르옴므new,91000,75,"전세계,남성",,뿌르옴므new,돌체앤가바나 뿌르옴므new,크리드 어벤투스,구찌 길티뿌르옴므,,크리드 실버마운틴워터,퍼퓸드말리 갤러웨이
442,,록시땅,체리블라썸오드뚜왈렛,식었던 마음도 다시 뛰게 만드는 투명한 분홍빛 벚꽃 내음,/product/록시땅-체리블라썸-오-드-뚜왈렛-75ml/1461/category/568/display/1/,록시땅 체리블라썸오드뚜왈렛,75000,75,"분홍,벚꽃",벚꽃,체리블라썸,록시땅 체리블라썸,에스티로더 모던뮤즈,,,더디퍼런트컴퍼니 카샨로즈,
447,,발렌시아가,플로라보타니카오드퍼퓸,서늘함을 품고 나타난 로즈와 카네이션의 시크한 여성스러움,/product/발렌시아가-플로라-보타니카-오-드-퍼퓸-3050100ml/1349/category/568/display/1/,발렌시아가 플로라보타니카오드퍼퓸,180000,30,"로즈,카네이션,시크,여성","로즈,카네이션",플로라보타니카,발렌시아가 플로라보타니카,크리드 어벤투스포허,프라고나르 로즈드메이,딥디크 오로즈,디올 조이바이디올,랄프로렌 폴로랄프우먼
450,,겔랑,미츠코오드뚜왈렛,"100년을 이어온 겔랑 하우스의 명작, 고혹스런 자스민의 자태에 매료될 수 밖에 없는 향기",/product/겔랑-미츠코-오-드-뚜왈렛-93ml/2233/category/568/display/1/,겔랑 미츠코오드뚜왈렛,97000,93,"자스민,매료",자스민,미츠코,겔랑 미츠코,랑세 유제니,,,메모 그라나다,
451,,겔랑,랭스땅뜨드겔랑오드뚜왈렛,단발에 잘 어울리는 친밀한 허니앰버의 소프트한 구어망드 파우더 향기,/product/겔랑-랭스땅뜨-드-겔랑-오드뚜왈렛-50100ml/1758/category/568/display/1/,겔랑 랭스땅뜨드겔랑오드뚜왈렛,148000,50,"단발,허니,앰버,소프트,구어망드,파우더","허니,앰버,소프트,구어망드,파우더",랭스땅뜨드겔랑,겔랑 랭스땅뜨드겔랑,아이젠버그 르페쉬에옴므,에르메스 오드메르베이,,디올 화렌화이트,불가리 쁘띠마망
454,,불리,오트리쁠목욕하는여인,"어쩌면 순연에 가장 가까울, 샤워 후의 수증기가 살갗에 흡수된 극강의 부드러움과 순수함",/product/불리-오-트리쁠-목욕하는-여인-75ml/2310/category/568/display/1/,불리 오트리쁠목욕하는여인,300000,75,"순연,샤워,수증기,살결,부드러움","순연,수증기,부드러움",오트리쁠목욕하는여인,불리 오트리쁠목욕하는여인,에트로 우다이푸르,시슬리 오뒤스와르,랄프로렌 폴로,,
455,,불리,오트리쁠밀로의비너스,섬세한 자스민과 풍성한 매그놀리아가 비누처럼 순하게 흐려지는 순간 달콤하게 피어나는 앰버 향기,/product/불리-오-트리쁠-밀로의-비너스-75ml/2382/category/568/display/1/,불리 오트리쁠밀로의비너스,230000,75,"자스민,매그놀리아,비누,앰버","자스민,매그놀리아,비누,앰버",오트리쁠밀로의비너스,불리 오트리쁠밀로의비너스,아쿠아디파르마 미르토디파나레아,메종마르지엘라 레이지선데이모닝,산타마리아노벨라 엔젤디피렌체오드코롱,랑세 유제니,
456,,불리,오트리쁠목수성요셉,일렁이는 바닐라와 히노끼의 편백향이 나무기둥 사이로 천천히 스며드는 소프트-우디 향,/product/불리-오-트리쁠-목수-성-요셉-75ml/2390/category/568/display/1/,불리 오트리쁠목수성요셉,230000,75,"바닐라,히노끼,편백나무,소프트,우드","바닐라,히노끼,편백나무,소프트,우드",오트리쁠목수성요셉,불리 오트리쁠목수성요셉,바이레도 집시워터,,,로에베 우먼,
457,,불리,오트리쁠그랑드오달리스크,"남자의 체취가 가을 낙엽에 닿아 흐려진 듯, 스파이시한 인센스가 연출하는 시크한 관능미",/product/불리-오-트리쁠-그랑드-오달리스크-75ml/2425/category/568/display/1/,불리 오트리쁠그랑드오달리스크,230000,75,"남성,체취,가을,낙엽,스파이시,센스,시크,관능","체취,가을,낙엽,스파이시",오트리쁠그랑드오달리스크,불리 오트리쁠그랑드오달리스크,버버리 런던포맨,,,불가리 맨인블랙,크리드 어벤투스포허
458,,불리,오트리쁠루브르전갈좌의요정,"정원의 신비로운 물소리를 따라 흐르는 풀 향기와 젖은 연꽃, 앰버에서 풍기는 옅은 살 내음",/product/불리-오-트리쁠-루브르-전갈좌의-요정-75ml/2484/category/568/display/1/,불리 오트리쁠루브르전갈좌의요정,230000,75,"정원,소리,연꽃,앰버","정원,연꽃,앰버",오트리쁠루브르전갈좌의요정,불리 오트리쁠루브르전갈좌의요정,크리드 네롤리소바쥬,,,,아이젠버그 르페쉬에옴므
459,,조말론,로즈블러쉬코롱,"리치 과즙을 한껏 머금은 채 수줍음에 볼 밝히는, 선홍빛 두 뺨을 가진 여린 장미 향기",/product/조말론-로즈-블러쉬-코롱-50ml/2403/category/568/display/1/,조말론 로즈블러쉬코롱,155000,50,"리치,과즙,수줍음,선홍빛,로즈","리치,과즙,로즈",로즈블러쉬코롱,조말론 로즈블러쉬코롱,런던프로소디 트레비로즈오드코롱,프라고나르 로즈드메이,딥디크 오로즈,더디퍼런트컴퍼니 카샨로즈,
460,,조말론,자스민삼박앤메리골드코롱인텐스,"노란 메리골드 위로 아늑한 햇살처럼 쏟아지는 바닐라, 조말론 인텐스 라인 여성 베스트셀러",/product/조말론-자스민-삼박-앤-메리골드-코롱-인텐스-50ml/2273/category/568/display/1/,조말론 자스민삼박앤메리골드코롱인텐스,218000,50,"메리골드,햇살,바닐라,여성","메리골드,햇살,바닐라",자스민삼박앤메리골드코롱인텐스,조말론 자스민삼박앤메리골드코롱인텐스,프라다 캔디키스,디올 조이바이디올,아쿠아디파르마 바닐라,랑콤 미라클,
462,,아이젠버그,루즈앤느와르오드퍼퓸,새빨간 립스틱의 관능미와 느와르 식의 흑백이 자아내는 관능미,/product/아이젠버그-루즈-앤-느와르-오-드-퍼퓸/2388/category/568/display/1/,아이젠버그 루즈앤느와르오드퍼퓸,84700,30,"립스틱,관능,느와르,흑백",,루즈앤느와르,아이젠버그 루즈앤느와르,디올 쟈도르(자도르),프레드릭엠 오베드상,,크리드 어벤투스포허,
463,,메종마르지엘라,레플리카베스트셀러컬렉션EDT,메종 마르지엘라의 베스트셀러 EDT 2ml 10종을 한번에 즐길 수 있는 메모리 박스,/product/메종-마르지엘라-레플리카-베스트셀러-컬렉션-edt/2507/category/568/display/1/,메종마르지엘라 레플리카베스트셀러컬렉션EDT,67900,210,"마리지엘라,메모리박스",,레플리카베스트셀러컬렉션EDT,메종마르지엘라 레플리카베스트셀러컬렉션EDT,케네스콜 블루,,,,톰포드 코스타아주라
465,,산타마리아노벨라,포푸리오드코롱,"마르지 않은 땅 위 텐트를 친 야영, 다양한 나무냄새와 진한 허브가 아로마틱하게 퍼지는 밤",/product/산타마리아노벨라-포푸리-오-드-코롱-100ml/2436/category/568/display/1/,산타마리아노벨라 포푸리오드코롱,195000,100,"텐트,야영,나무,허브,아로마","나무,허브,아로마",포푸리오드코롱,산타마리아노벨라 포푸리오드코롱,조말론 인센스앤세드라코롱인텐스,,,본드 넘버나인차이나타운,딥디크 오모헬리
466,,산타마리아노벨라,멜로그라노오드코롱,"하얀 비누 거품을 가득 머금은 일랑일랑 꽃이 오크모스, 장미, 파츌리를 천천히 삼켜내는 포근함",/product/산타마리아노벨라-멜로-그라노-오-드-코롱/2434/category/568/display/1/,산타마리아노벨라 멜로그라노오드코롱,137000,50,"비누,거품,오크모스,로즈,파츌리","비누,오크모스,로즈,파츌리",멜로그라노오드코롱,산타마리아노벨라 멜로그라노오드코롱,에르메스 트윌리데르메스오프와브레,딥디크 오로즈,메종마르지엘라 레이지선데이모닝,아쿠아디파르마 미르토디파나레아,프레데릭말 포트레이트오브어레이디
471,,아쿠아디파르마,산달로오드퍼퓸,"맨하탄 증권가에서 일처리가 가장 뛰어난, 잘 차려입은 라벤더 스킨 내음의 이지적인 섹시함",/product/아쿠아-디-파르마-산달로-오-드-퍼퓸-100ml/2266/category/568/display/1/,아쿠아디파르마 산달로오드퍼퓸,310000,100,"맨하탄,증권,라벤더,스킨,지적","라벤더,스킨",산달로,아쿠아디파르마 산달로,누NOU 이클립스,퍼퓸드말리 세들리,메종프란시스커정 아쿠아셀레스티아,입생로랑 리브르,프라다 루나로사카본
472,,프라고나르,에밀,"동화 속 공주가 산책 중 흘린 하얀 손수건, 그곳에서 풍기는 맑고 포근한 비누내음",/product/프라고나르-에밀-3060100200ml/2253/category/568/display/1/,프라고나르 에밀,78000,100,"동화,공주,산책,손수건,비누",비누 ,에밀,프라고나르 에밀,메종마르지엘라 레이지선데이모닝,아쿠아디파르마 미르토디파나레아,산타마리아노벨라 프리지아오드코롱,프라다 레스인퓨전디미모사,
473,,세르주루텐,쉔느(쉔)오드퍼퓸,4B 연필로 사각사각 채운 편지 위로 쏟아진 럼이 흑연과 섞여 내는 청량한 묵직함,/product/세르주루텐-쉔느-쉔-오-드-퍼퓸-100ml/2243/category/568/display/1/,세르주루텐 쉔느(쉔)오드퍼퓸,465000,100,"연필,채운,편지,흑연",흑연,쉔느(쉔),세르주루텐 쉔느(쉔),케네스콜 블루,,,,톰포드 코스타아주라
474,,세르주루텐,루브오드퍼퓸,"체리 사탕이 산산조각 날 때, 유리 조각이 크리스탈이 되어 날카롭게 퍼지는 아름다움",/product/세르주루텐-루브-오-드-퍼퓸-100ml/2242/category/568/display/1/,세르주루텐 루브오드퍼퓸,465000,100,"체리,사탕,유리,크리스탈","체리,사탕,유리",루브,세르주루텐 루브,본드 넘버나인차이나타운,,톰포드 로스트체리,프라다 캔디글로스,나르시소로드리게즈 루즈
475,,구찌,블룸암브로시아디피오리오드퍼퓸,노을을 삼킨 로즈와 튜베로즈 향기,/product/구찌-블룸-암브로시아-디-피오리-오-드-퍼퓸-30ml/2159/category/568/display/1/,구찌 블룸암브로시아디피오리오드퍼퓸,115000,30,"노을,로즈,튜베로즈","로즈,튜베로즈",블룸암브로시아디피오리,구찌 블룸암브로시아디피오리,프라고나르 로즈드메이,딥디크 오로즈,,,프레데릭말 카날플라워
476,,누NOU,이클립스오드뚜왈렛,섬세한 남자의 스킨 향기가 상대방에게 무한한 신뢰감을 주는 지적인 미,/product/누nou-이클립스-오-드-뚜왈렛-50ml/2155/category/568/display/1/,누NOU 이클립스오드뚜왈렛,50000,50,"남성,스킨,신뢰,지적",스킨,이클립스,누NOU 이클립스,스테파니브루진 마이젠틀맨,퍼퓸드말리 페가수스,프라다 루나로사카본,랄프로렌 폴로블루맨,장폴고티에 르보
477,,디올,자도르인피니심오드퍼퓸,"쟈도르를 감싸안은 튜베로즈, 그 하얀 풍성함에서 연출되는 고급스러움",/product/디올-자도르-인피니심-오-드-퍼퓸-50100ml/2153/category/568/display/1/,디올 자도르인피니심오드퍼퓸,168000,50,"자도르,튜베로즈,고급","자도르,튜베로즈,고급",자도르인피니심,디올 자도르인피니심,프레데릭말 카날플라워,,구찌 블룸,크리드 플러리시모,르라보 리스
479,,누NOU,자스민오드퍼퓸,밤 중의 별처럼 빛나듯이 피어난 자스민의 싱그러움,/product/누nou-자스민-오-드-퍼퓸-50ml/2137/category/568/display/1/,누NOU 자스민오드퍼퓸,50000,50,"별,자스민",자스민,자스민,누NOU 자스민,겔랑 미츠코,랑세 유제니,,메모 그라나다,
481,,돌체 앤 가바나,레드오드뚜왈렛,잔잔한 꽃비누내음처럼 부드러운 알데하이드 노트의 정수,/product/돌체-앤-가바나-레드-오-드-뚜왈렛-100ml/2126/category/568/display/1/,돌체 앤 가바나 레드오드뚜왈렛,150000,100,"비누,알데하이드,정수","비누,알데하이드",레드,돌체 앤 가바나 레드,아쿠아디파르마 미르토디파나레아,메종마르지엘라 레이지선데이모닝,산타마리아노벨라 프리지아오드코롱,,프라다 레스인퓨전디미모사
482,,롤리타렘피카,롤리타랜드오드퍼퓸,잔상처럼 여운이 길게 남는 베리와 자스민의 달콤함 여성미,/product/롤리타-렘피카-롤리타-랜드-오-드-퍼퓸-4080ml/2062/category/568/display/1/,롤리타렘피카 롤리타랜드오드퍼퓸,91000,40,"여운,베리,자스민,여성미","베리,자스민",롤리타랜드,롤리타렘피카 롤리타랜드,세르주루텐 라를르지외즈,,,랑세 유제니,메모 그라나다
484,,세르주루텐,베티버오리엔탈오드퍼퓸,"진지한 연인사이, 그 무르익어가는 깊이처럼 서로를 더욱 신뢰하게 하는 베티버 향기",/product/세르주루텐-베티버-오리엔탈-오-드-퍼퓸-50ml/1956/category/568/display/1/,세르주루텐 베티버오리엔탈오드퍼퓸,205000,50,"연인,깊이,신뢰,베티버",베티버,베티버오리엔탈,세르주루텐 베티버오리엔탈,딥디크 베티베리오,,크리드 오리지널베티버,,겔랑 베티버
486,,티에리,뮈글러엔젤오드퍼퓸,"유혹의 정석, 대담하게 유혹하는 달콤 아찔 플럼-바닐라",/product/티에리-뮈글러-엔젤-오-드-퍼퓸-50ml/1919/category/568/display/1/,티에리 뮈글러엔젤오드퍼퓸,120000,50,"유혹,달콤,바닐라","달콤,바닐라",뮈글러엔젤,티에리 뮈글러엔젤,프라다 패러독스,,아이젠버그 조즈옴므,,퍼퓸드말리 헤로드
488,,존바바토스,닉조나스블루오드뚜왈렛,민트와 소냐기향이 가득한 숲속의 스킨내음,/product/존바바토스-닉-조나스-블루-오-드-뚜왈렛-75125ml/1807/category/568/display/1/,존바바토스 닉조나스블루오드뚜왈렛,86000,75,"민트,소나기,숲,스킨","민트,소나기,숲,스킨",닉조나스블루,존바바토스 닉조나스블루,퍼퓸드말리 세들리,,로이비 만다린앤샌달우드,,랄프로렌 폴로블루맨
489,,존바바토스,닉조나스실버오드뚜왈렛,파츌리에 젖은 하얀 와이셔츠의 뽀송한 성숙함,/product/존바바토스-닉-조나스-실버-오-드-뚜왈렛-75125-ml/1806/category/568/display/1/,존바바토스 닉조나스실버오드뚜왈렛,86000,75,"파츌리,와이셔츠,성숙","파츌리,성숙",닉조나스실버,존바바토스 닉조나스실버,랄프로렌 폴로우먼,톰포드 비터피치,크리드 플러리시모,,세르주루텐 로
490,,발렌티노,발렌티나블러쉬오드퍼퓸,달콤한 체리향과 화사한 로즈의 풍미에 스웨이드의 묵직함을 담아낸 향기,/product/발렌티노-발렌티나-블러쉬-오-드-퍼퓸-5080ml/1789/category/568/display/1/,발렌티노 발렌티나블러쉬오드퍼퓸,188000,50,"체리,스웨이드,달콤,로즈","체리,스웨이드,달콤,로즈",발렌티나블러쉬,발렌티노 발렌티나블러쉬,본드 넘버나인차이나타운,프라고나르 로즈드메이,아이젠버그 조즈옴므,나르시소로드리게즈 루즈,
492,,끌로에,압솔뤼퍼퓸,센티폴리아 바디크림을 은은하게 바른듯한 담백하고 고급스러운 여성향수,/product/끌로에-압솔뤼-퍼퓸-305075ml/1733/category/568/display/1/,끌로에 압솔뤼퍼퓸,109000,30,"고급,여성",고급,압솔뤼퍼퓸,끌로에 압솔뤼퍼퓸,디올 쟈도르(자도르),,랑콤 미라클,,랄프로렌 폴로랄프우먼
493,,메종마르지엘라,레플리카어크로스샌드,한약방의 감초가 생각나는 마른사막 위에 펼쳐진 오리엔탈 서커스,/product/메종-마르지엘라-레플리카-어크로스-샌드-100ml/1730/category/568/display/1/,메종마르지엘라 레플리카어크로스샌드,250000,100,"한약방,감초,사막,오리엔탈","한약방,감초,사막",레플리카어크로스샌드,메종마르지엘라 레플리카어크로스샌드,오리베 데저트랜드,장폴고티에 클래식,,,
494,,메종마르지엘라,레플리카댄싱온더문,밤하늘의 달빛아래 춤추는 선녀의 옷자락 같은 화이트플로럴 향기,/product/메종-마르지엘라-레플리카-댄싱-온-더-문-100ml/1729/category/568/display/1/,메종마르지엘라 레플리카댄싱온더문,250000,100,"밤하늘,달빛,선녀,화이트플로럴","달빛,화이트플로럴",레플리카댄싱온더문,메종마르지엘라 레플리카댄싱온더문,메모 그라나다,,,,
495,,존바바토스,다크레블라이더오드뚜왈렛,운동한 후의 체취같은 섹시한 잔향이 레더재킷의 안단과 어울린 포근한 향기,/product/존바바토스-다크레블-라이더-오-드-뚜왈렛-125ml/1725/category/568/display/1/,존바바토스 다크레블라이더오드뚜왈렛,119000,125,"섹시,레더,재킷",레더,다크레블라이더,존바바토스 다크레블라이더,프레데릭말 뮤스크라바줴,장폴고티에 르말,아이젠버그 르페쉬에옴므,킬리안 블랙팬텀,
502,,아이젠버그,르페쉬에우먼,"살짝 트인 스커트 사이로 드러난 살결처럼, 과하지 않게 부드러운 섹시함과 센슈얼의 중간",/product/아이젠버그-르페쉬에-우먼-3050100ml/1520/category/568/display/1/,아이젠버그 르페쉬에우먼,84700,30,"살결,센슈얼,섹시",,르페쉬에우먼,아이젠버그 르페쉬에우먼,프레데릭말 뮤스크라바줴,롤리타렘피카 옴므,장폴고티에 르말,아이젠버그 르페쉬에옴므,톰포드 솔레이네쥬
504,,에스티로더,모던뮤즈오드퍼퓸,살랑거리는 분홍 스커트처럼 내 마음을 들었다 놨다 하는 플로럴,/product/에스티로더-모던뮤즈-오-드-퍼퓸-50ml/1417/category/568/display/1/,에스티로더 모던뮤즈오드퍼퓸,132000,50,"분홍,플로럴",플로럴,모던뮤즈,에스티로더 모던뮤즈,록시땅 체리블라썸,메종마르지엘라 플라워마켓,,킬리안 우먼인골드,
506,,케네스콜,맨카인드오드뚜왈렛,달콤하고 분위기 있는 시더우드,/product/케네스콜-맨카인드-오-드-뚜왈렛-100ml/1290/category/568/display/1/,케네스콜 맨카인드오드뚜왈렛,57000,100,"시더우드,달콤","시더우드,달콤",맨카인드,케네스콜 맨카인드,아이젠버그 조즈옴므,,바이레도 발다프리크,,몽블랑 레전드나이트
507,,케네스콜,블루오드뚜왈렛,빙하속에 묻힌 파인애플을 먹는 것 같은 차갑고 시크한 느낌의 캐쥬얼향수,/product/케네스콜-블루-오-드-뚜왈렛-100ml/1269/category/568/display/1/,케네스콜 블루오드뚜왈렛,95000,100,"얼음,파인애플,시크,캐주얼","얼음,파인애플",블루,케네스콜 블루,살바도르 달리오드루비립스,,메종프란시스커정 아쿠아셀레스티아,,
